﻿Customer ID,Customer Segment,R_Score,F_Score,M_Score,RFM Score
CUST00001,Potential Loyalists,3,1,2,6
CUST00002,Potential Loyalists,3,1,1,5
CUST00003,Loyal Customers,2,3,3,8
CUST00004,VIP / Champions,3,3,3,9
CUST00005,Loyal Customers,2,3,3,8
CUST00006,Potential Loyalists,2,1,2,5
CUST00007,Potential Loyalists,3,2,1,6
CUST00008,Loyal Customers,1,3,3,7
CUST00009,At Risk / Lost Customers,1,1,1,3
CUST00010,Potential Loyalists,3,1,1,5
CUST00011,Need Attention,2,1,1,4
CUST00012,Need Attention,1,2,1,4
CUST00013,Potential Loyalists,3,1,1,5
CUST00014,Potential Loyalists,3,1,1,5
CUST00015,At Risk / Lost Customers,1,1,1,3
CUST00016,Need Attention,2,1,1,4
CUST00017,Need Attention,2,1,1,4
CUST00018,At Risk / Lost Customers,1,1,1,3
CUST00019,Need Attention,2,1,1,4
CUST00020,Loyal Customers,2,3,2,7
CUST00021,Need Attention,1,2,1,4
CUST00022,Potential Loyalists,3,1,1,5
CUST00023,Potential Loyalists,3,1,1,5
CUST00024,Potential Loyalists,3,1,1,5
CUST00025,Potential Loyalists,1,2,2,5
CUST00026,Loyal Customers,3,3,2,8
CUST00027,VIP / Champions,3,3,3,9
CUST00028,Loyal Customers,3,2,2,7
CUST00029,Potential Loyalists,3,1,2,6
CUST00030,At Risk / Lost Customers,1,1,1,3
CUST00031,Potential Loyalists,1,3,2,6
CUST00032,Potential Loyalists,1,2,3,6
CUST00033,At Risk / Lost Customers,1,1,1,3
CUST00034,Loyal Customers,3,1,3,7
CUST00035,At Risk / Lost Customers,1,1,1,3
CUST00036,Loyal Customers,3,2,2,7
CUST00037,Need Attention,1,1,2,4
CUST00038,Potential Loyalists,1,2,3,6
CUST00039,Potential Loyalists,3,1,1,5
CUST00040,VIP / Champions,3,3,3,9
CUST00041,Loyal Customers,3,3,2,8
CUST00042,Potential Loyalists,3,2,1,6
CUST00043,VIP / Champions,3,3,3,9
CUST00044,Potential Loyalists,2,2,2,6
CUST00045,Loyal Customers,2,3,3,8
CUST00046,VIP / Champions,3,3,3,9
CUST00047,Potential Loyalists,3,1,1,5
CUST00048,VIP / Champions,3,3,3,9
CUST00049,Loyal Customers,2,3,2,7
CUST00050,Potential Loyalists,3,1,2,6
CUST00051,Potential Loyalists,3,1,1,5
CUST00052,Potential Loyalists,3,1,1,5
CUST00053,Loyal Customers,1,3,3,7
CUST00054,Potential Loyalists,3,1,1,5
CUST00055,VIP / Champions,3,3,3,9
CUST00056,Potential Loyalists,1,3,2,6
CUST00057,Loyal Customers,1,3,3,7
CUST00058,Potential Loyalists,3,1,2,6
CUST00059,Potential Loyalists,3,1,1,5
CUST00060,Need Attention,2,1,1,4
CUST00061,Potential Loyalists,3,2,1,6
CUST00062,At Risk / Lost Customers,1,1,1,3
CUST00063,Potential Loyalists,1,2,2,5
CUST00064,Potential Loyalists,2,2,1,5
CUST00065,Loyal Customers,3,2,2,7
CUST00066,Potential Loyalists,3,1,1,5
CUST00067,Potential Loyalists,3,1,1,5
CUST00068,Loyal Customers,2,3,2,7
CUST00069,At Risk / Lost Customers,1,1,1,3
CUST00070,Loyal Customers,2,3,3,8
CUST00071,Potential Loyalists,3,1,1,5
CUST00072,Potential Loyalists,1,3,2,6
CUST00073,Potential Loyalists,3,1,1,5
CUST00074,Potential Loyalists,3,1,1,5
CUST00075,At Risk / Lost Customers,1,1,1,3
CUST00076,Potential Loyalists,2,2,1,5
CUST00077,VIP / Champions,3,3,3,9
CUST00078,Loyal Customers,2,2,3,7
CUST00079,Potential Loyalists,3,2,1,6
CUST00080,Loyal Customers,3,3,2,8
CUST00081,Potential Loyalists,3,2,1,6
CUST00082,Potential Loyalists,2,1,2,5
CUST00083,Potential Loyalists,3,2,1,6
CUST00084,Need Attention,2,1,1,4
CUST00085,Potential Loyalists,2,2,1,5
CUST00086,Potential Loyalists,3,1,1,5
CUST00087,Need Attention,2,1,1,4
CUST00088,Loyal Customers,3,2,2,7
CUST00089,Potential Loyalists,3,1,1,5
CUST00090,At Risk / Lost Customers,1,1,1,3
CUST00091,Loyal Customers,3,2,2,7
CUST00092,VIP / Champions,3,3,3,9
CUST00093,Potential Loyalists,3,1,1,5
CUST00094,Potential Loyalists,1,2,3,6
CUST00095,At Risk / Lost Customers,1,1,1,3
CUST00096,Loyal Customers,3,2,2,7
CUST00097,Potential Loyalists,1,2,2,5
CUST00098,VIP / Champions,3,3,3,9
CUST00099,Loyal Customers,2,3,3,8
CUST00100,Need Attention,2,1,1,4
CUST00101,Loyal Customers,3,3,2,8
CUST00102,Potential Loyalists,3,1,1,5
CUST00103,VIP / Champions,3,3,3,9
CUST00104,Loyal Customers,3,3,2,8
CUST00105,Potential Loyalists,2,2,2,6
CUST00106,VIP / Champions,3,3,3,9
CUST00107,Loyal Customers,3,2,3,8
CUST00108,Need Attention,2,1,1,4
CUST00109,Loyal Customers,2,2,3,7
CUST00110,Potential Loyalists,3,1,1,5
CUST00111,Need Attention,1,1,2,4
CUST00112,Need Attention,2,1,1,4
CUST00113,VIP / Champions,3,3,3,9
CUST00114,At Risk / Lost Customers,1,1,1,3
CUST00115,Loyal Customers,2,3,3,8
CUST00116,Loyal Customers,3,3,2,8
CUST00117,Loyal Customers,3,3,2,8
CUST00118,Potential Loyalists,2,2,2,6
CUST00119,VIP / Champions,3,3,3,9
CUST00120,Potential Loyalists,3,1,1,5
CUST00121,VIP / Champions,3,3,3,9
CUST00122,VIP / Champions,3,3,3,9
CUST00123,VIP / Champions,3,3,3,9
CUST00124,Need Attention,1,2,1,4
CUST00125,At Risk / Lost Customers,1,1,1,3
CUST00126,At Risk / Lost Customers,1,1,1,3
CUST00127,Loyal Customers,3,2,3,8
CUST00128,Potential Loyalists,3,1,1,5
CUST00129,Loyal Customers,1,3,3,7
CUST00130,Potential Loyalists,3,1,1,5
CUST00131,Loyal Customers,2,3,3,8
CUST00132,Loyal Customers,3,3,2,8
CUST00133,Potential Loyalists,1,3,2,6
CUST00134,Need Attention,2,1,1,4
CUST00135,Loyal Customers,2,3,3,8
CUST00136,Potential Loyalists,3,1,1,5
CUST00137,Need Attention,2,1,1,4
CUST00138,Loyal Customers,3,3,2,8
CUST00139,At Risk / Lost Customers,1,1,1,3
CUST00140,VIP / Champions,3,3,3,9
CUST00141,Loyal Customers,2,3,2,7
CUST00142,VIP / Champions,3,3,3,9
CUST00143,VIP / Champions,3,3,3,9
CUST00144,Need Attention,1,1,2,4
CUST00145,VIP / Champions,3,3,3,9
CUST00146,Potential Loyalists,2,2,2,6
CUST00147,Loyal Customers,1,3,3,7
CUST00148,Loyal Customers,3,2,2,7
CUST00149,VIP / Champions,3,3,3,9
CUST00150,Loyal Customers,3,2,2,7
CUST00151,Potential Loyalists,3,1,1,5
CUST00152,Potential Loyalists,1,2,2,5
CUST00153,Potential Loyalists,2,2,2,6
CUST00154,Potential Loyalists,1,2,2,5
CUST00155,Loyal Customers,1,3,3,7
CUST00156,Potential Loyalists,1,2,2,5
CUST00157,Potential Loyalists,3,1,1,5
CUST00158,Potential Loyalists,1,3,2,6
CUST00159,Loyal Customers,3,3,2,8
CUST00160,Need Attention,2,1,1,4
CUST00161,Potential Loyalists,3,2,1,6
CUST00162,Loyal Customers,3,2,2,7
CUST00163,Need Attention,2,1,1,4
CUST00164,Potential Loyalists,3,1,1,5
CUST00165,Need Attention,1,2,1,4
CUST00166,Potential Loyalists,2,2,2,6
CUST00167,Potential Loyalists,3,1,2,6
CUST00168,VIP / Champions,3,3,3,9
CUST00169,Potential Loyalists,3,1,1,5
CUST00170,VIP / Champions,3,3,3,9
CUST00171,VIP / Champions,3,3,3,9
CUST00172,At Risk / Lost Customers,1,1,1,3
CUST00173,Potential Loyalists,3,2,1,6
CUST00174,Potential Loyalists,2,1,2,5
CUST00175,At Risk / Lost Customers,1,1,1,3
CUST00176,VIP / Champions,3,3,3,9
CUST00177,Need Attention,2,1,1,4
CUST00178,Potential Loyalists,3,1,1,5
CUST00179,At Risk / Lost Customers,1,1,1,3
CUST00180,At Risk / Lost Customers,1,1,1,3
CUST00181,Potential Loyalists,3,1,1,5
CUST00182,Loyal Customers,3,3,1,7
CUST00183,Potential Loyalists,3,1,1,5
CUST00184,VIP / Champions,3,3,3,9
CUST00185,Potential Loyalists,1,2,2,5
CUST00186,VIP / Champions,3,3,3,9
CUST00187,Loyal Customers,2,3,3,8
CUST00188,Need Attention,2,1,1,4
CUST00189,Potential Loyalists,3,1,1,5
CUST00190,Need Attention,2,1,1,4
CUST00191,At Risk / Lost Customers,1,1,1,3
CUST00192,Need Attention,2,1,1,4
CUST00193,At Risk / Lost Customers,1,1,1,3
CUST00194,Potential Loyalists,3,1,1,5
CUST00195,Potential Loyalists,3,2,1,6
CUST00196,Potential Loyalists,1,2,2,5
CUST00197,At Risk / Lost Customers,1,1,1,3
CUST00198,Potential Loyalists,1,3,2,6
CUST00199,Potential Loyalists,1,2,2,5
CUST00200,Potential Loyalists,3,1,2,6
CUST00201,Need Attention,2,1,1,4
CUST00202,Loyal Customers,3,3,2,8
CUST00203,Potential Loyalists,3,1,2,6
CUST00204,Need Attention,2,1,1,4
CUST00205,Potential Loyalists,3,2,1,6
CUST00206,At Risk / Lost Customers,1,1,1,3
CUST00207,Potential Loyalists,3,1,1,5
CUST00208,Potential Loyalists,3,2,1,6
CUST00209,Need Attention,2,1,1,4
CUST00210,Loyal Customers,2,3,3,8
CUST00211,Need Attention,2,1,1,4
CUST00212,Potential Loyalists,1,2,2,5
CUST00213,Potential Loyalists,3,1,1,5
CUST00214,At Risk / Lost Customers,1,1,1,3
CUST00215,At Risk / Lost Customers,1,1,1,3
CUST00216,Need Attention,2,1,1,4
CUST00217,Loyal Customers,3,3,2,8
CUST00218,Potential Loyalists,3,1,1,5
CUST00219,Loyal Customers,2,3,3,8
CUST00220,Loyal Customers,3,3,2,8
CUST00221,Loyal Customers,3,2,2,7
CUST00222,Potential Loyalists,2,1,2,5
CUST00223,Loyal Customers,3,3,2,8
CUST00224,Loyal Customers,3,3,1,7
CUST00225,VIP / Champions,3,3,3,9
CUST00226,Loyal Customers,3,2,2,7
CUST00227,Potential Loyalists,1,2,2,5
CUST00228,Need Attention,2,1,1,4
CUST00229,Need Attention,1,2,1,4
CUST00230,At Risk / Lost Customers,1,1,1,3
CUST00231,Need Attention,1,2,1,4
CUST00232,Potential Loyalists,3,1,2,6
CUST00233,Potential Loyalists,3,2,1,6
CUST00234,Potential Loyalists,3,1,1,5
CUST00235,Potential Loyalists,3,1,1,5
CUST00236,Loyal Customers,2,3,3,8
CUST00237,Potential Loyalists,3,2,1,6
CUST00238,Loyal Customers,3,3,2,8
CUST00239,At Risk / Lost Customers,1,1,1,3
CUST00240,At Risk / Lost Customers,1,1,1,3
CUST00241,VIP / Champions,3,3,3,9
CUST00242,Potential Loyalists,2,2,1,5
CUST00243,Potential Loyalists,2,2,1,5
CUST00244,Potential Loyalists,2,2,2,6
CUST00245,Need Attention,2,1,1,4
CUST00246,Potential Loyalists,1,2,2,5
CUST00247,VIP / Champions,3,3,3,9
CUST00248,Loyal Customers,2,2,3,7
CUST00249,At Risk / Lost Customers,1,1,1,3
CUST00250,Loyal Customers,3,3,2,8
CUST00251,Loyal Customers,3,2,2,7
CUST00252,Loyal Customers,2,3,3,8
CUST00253,VIP / Champions,3,3,3,9
CUST00254,Loyal Customers,2,3,3,8
CUST00255,Loyal Customers,3,3,1,7
CUST00256,At Risk / Lost Customers,1,1,1,3
CUST00257,Need Attention,2,1,1,4
CUST00258,Potential Loyalists,3,1,1,5
CUST00259,Loyal Customers,3,2,2,7
CUST00260,Loyal Customers,3,3,2,8
CUST00261,Loyal Customers,1,3,3,7
CUST00262,Need Attention,2,1,1,4
CUST00263,Need Attention,2,1,1,4
CUST00264,Loyal Customers,3,2,3,8
CUST00265,Potential Loyalists,3,2,1,6
CUST00266,Potential Loyalists,2,3,1,6
CUST00267,At Risk / Lost Customers,1,1,1,3
CUST00268,Potential Loyalists,3,1,1,5
CUST00269,Potential Loyalists,2,1,2,5
CUST00270,Potential Loyalists,2,2,2,6
CUST00271,Need Attention,2,1,1,4
CUST00272,Potential Loyalists,3,1,1,5
CUST00273,Potential Loyalists,3,1,1,5
CUST00274,VIP / Champions,3,3,3,9
CUST00275,At Risk / Lost Customers,1,1,1,3
CUST00276,Potential Loyalists,3,1,1,5
CUST00277,Potential Loyalists,2,2,2,6
CUST00278,Loyal Customers,1,3,3,7
CUST00279,Potential Loyalists,3,1,1,5
CUST00280,At Risk / Lost Customers,1,1,1,3
CUST00281,At Risk / Lost Customers,1,1,1,3
CUST00282,At Risk / Lost Customers,1,1,1,3
CUST00283,Potential Loyalists,3,1,1,5
CUST00284,Potential Loyalists,1,2,2,5
CUST00285,Potential Loyalists,1,3,2,6
CUST00286,At Risk / Lost Customers,1,1,1,3
CUST00287,Loyal Customers,3,2,3,8
CUST00288,Potential Loyalists,3,1,1,5
CUST00289,Need Attention,2,1,1,4
CUST00290,Potential Loyalists,3,1,1,5
CUST00291,Potential Loyalists,2,2,1,5
CUST00292,Potential Loyalists,3,2,1,6
CUST00293,Potential Loyalists,3,1,2,6
CUST00294,Loyal Customers,2,3,2,7
CUST00295,Loyal Customers,1,3,3,7
CUST00296,Potential Loyalists,3,1,1,5
CUST00297,Loyal Customers,1,3,3,7
CUST00298,At Risk / Lost Customers,1,1,1,3
CUST00299,Potential Loyalists,3,1,1,5
CUST00300,Loyal Customers,2,3,2,7
CUST00301,Potential Loyalists,3,1,1,5
CUST00302,Potential Loyalists,3,1,1,5
CUST00303,Need Attention,1,1,2,4
CUST00304,Need Attention,1,1,2,4
CUST00305,Potential Loyalists,3,1,1,5
CUST00306,Loyal Customers,3,2,2,7
CUST00307,Potential Loyalists,3,1,1,5
CUST00308,Loyal Customers,3,2,2,7
CUST00309,Loyal Customers,3,2,2,7
CUST00310,VIP / Champions,3,3,3,9
CUST00311,Need Attention,2,1,1,4
CUST00312,Potential Loyalists,2,1,3,6
CUST00313,Loyal Customers,3,2,2,7
CUST00314,Loyal Customers,3,3,1,7
CUST00315,Potential Loyalists,3,1,1,5
CUST00316,At Risk / Lost Customers,1,1,1,3
CUST00317,At Risk / Lost Customers,1,1,1,3
CUST00318,Potential Loyalists,3,1,1,5
CUST00319,Need Attention,2,1,1,4
CUST00320,Loyal Customers,2,3,3,8
CUST00321,Potential Loyalists,3,2,1,6
CUST00322,VIP / Champions,3,3,3,9
CUST00323,Potential Loyalists,1,3,2,6
CUST00324,VIP / Champions,3,3,3,9
CUST00325,Potential Loyalists,3,1,1,5
CUST00326,Potential Loyalists,3,1,1,5
CUST00327,Loyal Customers,3,3,2,8
CUST00328,Potential Loyalists,3,2,1,6
CUST00329,VIP / Champions,3,3,3,9
CUST00330,Need Attention,1,1,2,4
CUST00331,Potential Loyalists,3,1,1,5
CUST00332,Potential Loyalists,3,1,1,5
CUST00333,Potential Loyalists,3,2,1,6
CUST00334,Need Attention,2,1,1,4
CUST00335,Loyal Customers,3,2,2,7
CUST00336,At Risk / Lost Customers,1,1,1,3
CUST00337,Potential Loyalists,3,1,1,5
CUST00338,Potential Loyalists,2,2,2,6
CUST00339,Potential Loyalists,2,2,2,6
CUST00340,Need Attention,1,1,2,4
CUST00341,Potential Loyalists,3,1,1,5
CUST00342,Potential Loyalists,2,2,2,6
CUST00343,Potential Loyalists,1,2,3,6
CUST00344,Need Attention,2,1,1,4
CUST00345,Potential Loyalists,3,1,1,5
CUST00346,Loyal Customers,3,2,2,7
CUST00347,VIP / Champions,3,3,3,9
CUST00348,Potential Loyalists,3,1,1,5
CUST00349,Potential Loyalists,2,2,2,6
CUST00350,At Risk / Lost Customers,1,1,1,3
CUST00351,Potential Loyalists,2,2,2,6
CUST00352,At Risk / Lost Customers,1,1,1,3
CUST00353,Need Attention,2,1,1,4
CUST00354,Potential Loyalists,3,1,1,5
CUST00355,Potential Loyalists,2,2,2,6
CUST00356,Potential Loyalists,2,1,2,5
CUST00357,Potential Loyalists,3,1,1,5
CUST00358,Loyal Customers,3,3,2,8
CUST00359,Potential Loyalists,3,1,2,6
CUST00360,Loyal Customers,2,2,3,7
CUST00361,At Risk / Lost Customers,1,1,1,3
CUST00362,Loyal Customers,2,3,3,8
CUST00363,VIP / Champions,3,3,3,9
CUST00364,Loyal Customers,3,3,2,8
CUST00365,Potential Loyalists,3,1,1,5
CUST00366,Loyal Customers,3,2,2,7
CUST00367,Need Attention,2,1,1,4
CUST00368,At Risk / Lost Customers,1,1,1,3
CUST00369,Loyal Customers,2,2,3,7
CUST00370,Need Attention,1,1,2,4
CUST00371,Loyal Customers,2,3,3,8
CUST00372,Need Attention,2,1,1,4
CUST00373,Loyal Customers,2,3,2,7
CUST00374,Loyal Customers,3,3,2,8
CUST00375,At Risk / Lost Customers,1,1,1,3
CUST00376,Need Attention,2,1,1,4
CUST00377,Need Attention,2,1,1,4
CUST00378,Loyal Customers,2,3,3,8
CUST00379,VIP / Champions,3,3,3,9
CUST00380,Need Attention,1,2,1,4
CUST00381,Loyal Customers,1,3,3,7
CUST00382,At Risk / Lost Customers,1,1,1,3
CUST00383,Potential Loyalists,2,2,2,6
CUST00384,VIP / Champions,3,3,3,9
CUST00385,Need Attention,1,2,1,4
CUST00386,Loyal Customers,3,2,2,7
CUST00387,Potential Loyalists,1,1,3,5
CUST00388,Loyal Customers,3,3,2,8
CUST00389,Need Attention,2,1,1,4
CUST00390,Loyal Customers,2,3,2,7
CUST00391,Potential Loyalists,3,1,2,6
CUST00392,Potential Loyalists,3,1,1,5
CUST00393,Loyal Customers,3,2,3,8
CUST00394,Need Attention,2,1,1,4
CUST00395,Potential Loyalists,2,2,1,5
CUST00396,Need Attention,2,1,1,4
CUST00397,Loyal Customers,3,3,2,8
CUST00398,Potential Loyalists,3,1,1,5
CUST00399,Loyal Customers,2,3,2,7
CUST00400,Loyal Customers,2,3,2,7
CUST00401,Loyal Customers,1,3,3,7
CUST00402,VIP / Champions,3,3,3,9
CUST00403,Loyal Customers,3,3,2,8
CUST00404,Loyal Customers,3,2,2,7
CUST00405,Loyal Customers,2,3,3,8
CUST00406,Loyal Customers,1,3,3,7
CUST00407,Loyal Customers,3,2,2,7
CUST00408,Potential Loyalists,3,1,1,5
CUST00409,Potential Loyalists,3,1,1,5
CUST00410,Potential Loyalists,3,2,1,6
CUST00411,At Risk / Lost Customers,1,1,1,3
CUST00412,Loyal Customers,3,2,2,7
CUST00413,Loyal Customers,2,3,2,7
CUST00414,VIP / Champions,3,3,3,9
CUST00415,Need Attention,2,1,1,4
CUST00416,Loyal Customers,3,2,2,7
CUST00417,Potential Loyalists,2,2,2,6
CUST00418,VIP / Champions,3,3,3,9
CUST00419,Loyal Customers,2,3,3,8
CUST00420,Potential Loyalists,2,2,2,6
CUST00421,Potential Loyalists,3,2,1,6
CUST00422,Loyal Customers,2,3,2,7
CUST00423,Loyal Customers,3,2,2,7
CUST00424,Potential Loyalists,3,2,1,6
CUST00425,VIP / Champions,3,3,3,9
CUST00426,Potential Loyalists,3,1,1,5
CUST00427,Loyal Customers,3,2,2,7
CUST00428,Need Attention,2,1,1,4
CUST00429,Potential Loyalists,3,1,1,5
CUST00430,Loyal Customers,1,3,3,7
CUST00431,Potential Loyalists,3,1,1,5
CUST00432,Potential Loyalists,3,1,1,5
CUST00433,Need Attention,2,1,1,4
CUST00434,Loyal Customers,3,2,2,7
CUST00435,Loyal Customers,3,2,2,7
CUST00436,Loyal Customers,1,3,3,7
CUST00437,Potential Loyalists,1,2,3,6
CUST00438,Need Attention,1,1,2,4
CUST00439,Potential Loyalists,3,2,1,6
CUST00440,Potential Loyalists,3,1,1,5
CUST00441,Loyal Customers,2,3,3,8
CUST00442,Potential Loyalists,3,1,1,5
CUST00443,Loyal Customers,3,3,2,8
CUST00444,At Risk / Lost Customers,1,1,1,3
CUST00445,At Risk / Lost Customers,1,1,1,3
CUST00446,Loyal Customers,2,3,3,8
CUST00447,Potential Loyalists,3,1,1,5
CUST00448,Need Attention,2,1,1,4
CUST00449,Loyal Customers,2,3,3,8
CUST00450,VIP / Champions,3,3,3,9
CUST00451,Loyal Customers,3,3,2,8
CUST00452,Potential Loyalists,3,1,1,5
CUST00453,Loyal Customers,3,2,2,7
CUST00454,Potential Loyalists,1,2,2,5
CUST00455,Loyal Customers,2,3,2,7
CUST00456,Potential Loyalists,3,1,1,5
CUST00457,Potential Loyalists,1,2,2,5
CUST00458,Potential Loyalists,2,3,1,6
CUST00459,Potential Loyalists,3,2,1,6
CUST00460,VIP / Champions,3,3,3,9
CUST00461,Loyal Customers,2,3,3,8
CUST00462,Loyal Customers,3,3,2,8
CUST00463,Loyal Customers,2,3,3,8
CUST00464,VIP / Champions,3,3,3,9
CUST00465,Potential Loyalists,1,2,2,5
CUST00466,Potential Loyalists,2,3,1,6
CUST00467,Potential Loyalists,3,1,2,6
CUST00468,Loyal Customers,2,3,3,8
CUST00469,At Risk / Lost Customers,1,1,1,3
CUST00470,Potential Loyalists,3,2,1,6
CUST00471,Loyal Customers,2,3,3,8
CUST00472,Loyal Customers,3,2,2,7
CUST00473,Need Attention,2,1,1,4
CUST00474,Loyal Customers,3,2,3,8
CUST00475,VIP / Champions,3,3,3,9
CUST00476,Loyal Customers,3,2,2,7
CUST00477,Potential Loyalists,3,1,1,5
CUST00478,Need Attention,2,1,1,4
CUST00479,VIP / Champions,3,3,3,9
CUST00480,Potential Loyalists,1,2,3,6
CUST00481,Potential Loyalists,3,1,1,5
CUST00482,VIP / Champions,3,3,3,9
CUST00483,At Risk / Lost Customers,1,1,1,3
CUST00484,Loyal Customers,3,3,1,7
CUST00485,Loyal Customers,2,3,3,8
CUST00486,Potential Loyalists,1,2,3,6
CUST00487,At Risk / Lost Customers,1,1,1,3
CUST00488,At Risk / Lost Customers,1,1,1,3
CUST00489,VIP / Champions,3,3,3,9
CUST00490,Loyal Customers,2,3,3,8
CUST00491,Loyal Customers,2,3,2,7
CUST00492,At Risk / Lost Customers,1,1,1,3
CUST00493,Potential Loyalists,3,1,1,5
CUST00494,Potential Loyalists,1,3,2,6
CUST00495,Loyal Customers,2,3,3,8
CUST00496,VIP / Champions,3,3,3,9
CUST00497,Need Attention,1,1,2,4
CUST00498,Loyal Customers,3,3,2,8
CUST00499,VIP / Champions,3,3,3,9
CUST00500,At Risk / Lost Customers,1,1,1,3
CUST00501,Need Attention,2,1,1,4
CUST00502,Loyal Customers,3,2,2,7
CUST00503,At Risk / Lost Customers,1,1,1,3
CUST00504,At Risk / Lost Customers,1,1,1,3
CUST00505,Potential Loyalists,3,1,2,6
CUST00506,Loyal Customers,2,2,3,7
CUST00507,Potential Loyalists,3,1,1,5
CUST00508,Loyal Customers,3,3,2,8
CUST00509,Potential Loyalists,3,1,1,5
CUST00510,Need Attention,1,1,2,4
CUST00511,VIP / Champions,3,3,3,9
CUST00512,Loyal Customers,3,3,1,7
CUST00513,At Risk / Lost Customers,1,1,1,3
CUST00514,Loyal Customers,1,3,3,7
CUST00515,At Risk / Lost Customers,1,1,1,3
CUST00516,Potential Loyalists,2,2,2,6
CUST00517,Need Attention,1,2,1,4
CUST00518,At Risk / Lost Customers,1,1,1,3
CUST00519,Potential Loyalists,3,1,1,5
CUST00520,Loyal Customers,2,3,3,8
CUST00521,At Risk / Lost Customers,1,1,1,3
CUST00522,Loyal Customers,3,2,3,8
CUST00523,Potential Loyalists,3,1,1,5
CUST00524,Potential Loyalists,2,2,1,5
CUST00525,Potential Loyalists,3,1,2,6
CUST00526,Potential Loyalists,1,3,2,6
CUST00527,At Risk / Lost Customers,1,1,1,3
CUST00528,Need Attention,2,1,1,4
CUST00529,At Risk / Lost Customers,1,1,1,3
CUST00530,Loyal Customers,3,3,2,8
CUST00531,Potential Loyalists,3,1,1,5
CUST00532,Need Attention,2,1,1,4
CUST00533,Potential Loyalists,1,2,2,5
CUST00534,Loyal Customers,1,3,3,7
CUST00535,Potential Loyalists,1,2,2,5
CUST00536,At Risk / Lost Customers,1,1,1,3
CUST00537,Loyal Customers,1,3,3,7
CUST00538,Potential Loyalists,3,1,1,5
CUST00539,VIP / Champions,3,3,3,9
CUST00540,Potential Loyalists,2,1,2,5
CUST00541,Potential Loyalists,1,2,2,5
CUST00542,Need Attention,1,1,2,4
CUST00543,Potential Loyalists,3,1,1,5
CUST00544,Potential Loyalists,3,1,1,5
CUST00545,Potential Loyalists,3,1,2,6
CUST00546,Potential Loyalists,1,2,2,5
CUST00547,At Risk / Lost Customers,1,1,1,3
CUST00548,VIP / Champions,3,3,3,9
CUST00549,Potential Loyalists,3,1,1,5
CUST00550,VIP / Champions,3,3,3,9
CUST00551,Potential Loyalists,2,2,2,6
CUST00552,At Risk / Lost Customers,1,1,1,3
CUST00553,Loyal Customers,3,3,2,8
CUST00554,At Risk / Lost Customers,1,1,1,3
CUST00555,Potential Loyalists,3,2,1,6
CUST00556,Potential Loyalists,2,3,1,6
CUST00557,Need Attention,2,1,1,4
CUST00558,VIP / Champions,3,3,3,9
CUST00559,Potential Loyalists,3,1,1,5
CUST00560,Loyal Customers,3,3,2,8
CUST00561,VIP / Champions,3,3,3,9
CUST00562,At Risk / Lost Customers,1,1,1,3
CUST00563,Need Attention,2,1,1,4
CUST00564,Need Attention,2,1,1,4
CUST00565,Loyal Customers,2,3,2,7
CUST00566,Potential Loyalists,3,1,1,5
CUST00567,Potential Loyalists,3,1,1,5
CUST00568,Loyal Customers,2,2,3,7
CUST00569,At Risk / Lost Customers,1,1,1,3
CUST00570,Need Attention,2,1,1,4
CUST00571,Potential Loyalists,3,1,1,5
CUST00572,Loyal Customers,3,3,2,8
CUST00573,Loyal Customers,2,3,3,8
CUST00574,VIP / Champions,3,3,3,9
CUST00575,Loyal Customers,3,2,3,8
CUST00576,VIP / Champions,3,3,3,9
CUST00577,Loyal Customers,3,3,2,8
CUST00578,At Risk / Lost Customers,1,1,1,3
CUST00579,Loyal Customers,3,3,1,7
CUST00580,Potential Loyalists,3,1,1,5
CUST00581,Loyal Customers,1,3,3,7
CUST00582,Loyal Customers,3,3,2,8
CUST00583,Need Attention,2,1,1,4
CUST00584,Potential Loyalists,3,1,1,5
CUST00585,Potential Loyalists,3,1,1,5
CUST00586,Potential Loyalists,3,1,1,5
CUST00587,At Risk / Lost Customers,1,1,1,3
CUST00588,Loyal Customers,2,3,2,7
CUST00589,Loyal Customers,3,2,2,7
CUST00590,At Risk / Lost Customers,1,1,1,3
CUST00591,Loyal Customers,1,3,3,7
CUST00592,Potential Loyalists,1,3,2,6
CUST00593,At Risk / Lost Customers,1,1,1,3
CUST00594,Loyal Customers,3,2,3,8
CUST00595,VIP / Champions,3,3,3,9
CUST00596,Loyal Customers,2,2,3,7
CUST00597,Potential Loyalists,1,2,2,5
CUST00598,Need Attention,2,1,1,4
CUST00599,Need Attention,1,1,2,4
CUST00600,Potential Loyalists,2,2,1,5
CUST00601,Potential Loyalists,2,3,1,6
CUST00602,At Risk / Lost Customers,1,1,1,3
CUST00603,At Risk / Lost Customers,1,1,1,3
CUST00604,Loyal Customers,1,3,3,7
CUST00605,Potential Loyalists,3,1,1,5
CUST00606,Loyal Customers,3,2,2,7
CUST00607,Potential Loyalists,3,1,2,6
CUST00608,VIP / Champions,3,3,3,9
CUST00609,VIP / Champions,3,3,3,9
CUST00610,At Risk / Lost Customers,1,1,1,3
CUST00611,VIP / Champions,3,3,3,9
CUST00612,Potential Loyalists,3,1,1,5
CUST00613,Loyal Customers,3,3,2,8
CUST00614,Need Attention,2,1,1,4
CUST00615,Loyal Customers,3,2,2,7
CUST00616,Potential Loyalists,3,1,1,5
CUST00617,Loyal Customers,2,3,2,7
CUST00618,Need Attention,2,1,1,4
CUST00619,Potential Loyalists,2,2,2,6
CUST00620,Potential Loyalists,1,2,3,6
CUST00621,Loyal Customers,2,3,3,8
CUST00622,Loyal Customers,2,3,3,8
CUST00623,Loyal Customers,3,2,2,7
CUST00624,Loyal Customers,3,1,3,7
CUST00625,Loyal Customers,3,2,3,8
CUST00626,Need Attention,2,1,1,4
CUST00627,At Risk / Lost Customers,1,1,1,3
CUST00628,Need Attention,2,1,1,4
CUST00629,At Risk / Lost Customers,1,1,1,3
CUST00630,Loyal Customers,2,3,2,7
CUST00631,At Risk / Lost Customers,1,1,1,3
CUST00632,Potential Loyalists,3,2,1,6
CUST00633,Loyal Customers,2,3,2,7
CUST00634,Potential Loyalists,3,2,1,6
CUST00635,VIP / Champions,3,3,3,9
CUST00636,VIP / Champions,3,3,3,9
CUST00637,Potential Loyalists,3,1,1,5
CUST00638,Potential Loyalists,3,1,1,5
CUST00639,Need Attention,2,1,1,4
CUST00640,At Risk / Lost Customers,1,1,1,3
CUST00641,Need Attention,2,1,1,4
CUST00642,Potential Loyalists,2,2,1,5
CUST00643,Potential Loyalists,2,2,2,6
CUST00644,Loyal Customers,3,2,2,7
CUST00645,Potential Loyalists,1,3,2,6
CUST00646,Potential Loyalists,3,1,1,5
CUST00647,Potential Loyalists,1,2,3,6
CUST00648,Potential Loyalists,3,2,1,6
CUST00649,Potential Loyalists,3,2,1,6
CUST00650,VIP / Champions,3,3,3,9
CUST00651,Loyal Customers,2,2,3,7
CUST00652,Potential Loyalists,2,3,1,6
CUST00653,Loyal Customers,3,2,2,7
CUST00654,At Risk / Lost Customers,1,1,1,3
CUST00655,Loyal Customers,1,3,3,7
CUST00656,Potential Loyalists,2,1,2,5
CUST00657,Loyal Customers,1,3,3,7
CUST00658,Loyal Customers,3,2,3,8
CUST00659,VIP / Champions,3,3,3,9
CUST00660,Loyal Customers,2,3,3,8
CUST00661,Need Attention,2,1,1,4
CUST00662,Potential Loyalists,2,2,1,5
CUST00663,Potential Loyalists,3,1,1,5
CUST00664,Potential Loyalists,3,1,1,5
CUST00665,At Risk / Lost Customers,1,1,1,3
CUST00666,Potential Loyalists,3,1,1,5
CUST00667,Need Attention,2,1,1,4
CUST00668,At Risk / Lost Customers,1,1,1,3
CUST00669,Potential Loyalists,2,2,1,5
CUST00670,At Risk / Lost Customers,1,1,1,3
CUST00671,VIP / Champions,3,3,3,9
CUST00672,Potential Loyalists,3,1,1,5
CUST00673,Loyal Customers,3,2,2,7
CUST00674,At Risk / Lost Customers,1,1,1,3
CUST00675,Potential Loyalists,2,1,2,5
CUST00676,Potential Loyalists,1,2,2,5
CUST00677,Potential Loyalists,3,2,1,6
CUST00678,Potential Loyalists,3,1,1,5
CUST00679,VIP / Champions,3,3,3,9
CUST00680,Potential Loyalists,3,1,2,6
CUST00681,Potential Loyalists,3,1,2,6
CUST00682,Potential Loyalists,3,1,2,6
CUST00683,Need Attention,1,2,1,4
CUST00684,Loyal Customers,2,2,3,7
CUST00685,Potential Loyalists,3,1,1,5
CUST00686,At Risk / Lost Customers,1,1,1,3
CUST00687,Loyal Customers,3,2,2,7
CUST00688,At Risk / Lost Customers,1,1,1,3
CUST00689,Loyal Customers,3,2,3,8
CUST00690,Potential Loyalists,3,1,2,6
CUST00691,VIP / Champions,3,3,3,9
CUST00692,Potential Loyalists,1,2,3,6
CUST00693,Need Attention,1,2,1,4
CUST00694,At Risk / Lost Customers,1,1,1,3
CUST00695,Potential Loyalists,1,3,2,6
CUST00696,Potential Loyalists,3,2,1,6
CUST00697,Potential Loyalists,2,2,2,6
CUST00698,At Risk / Lost Customers,1,1,1,3
CUST00699,Loyal Customers,3,1,3,7
CUST00700,Loyal Customers,3,3,2,8
CUST00701,Potential Loyalists,3,1,1,5
CUST00702,Need Attention,2,1,1,4
CUST00703,Loyal Customers,3,2,2,7
CUST00704,Potential Loyalists,2,2,2,6
CUST00705,Potential Loyalists,3,1,2,6
CUST00706,Potential Loyalists,3,2,1,6
CUST00707,Loyal Customers,3,2,2,7
CUST00708,VIP / Champions,3,3,3,9
CUST00709,Potential Loyalists,2,1,2,5
CUST00710,At Risk / Lost Customers,1,1,1,3
CUST00711,VIP / Champions,3,3,3,9
CUST00712,Need Attention,2,1,1,4
CUST00713,VIP / Champions,3,3,3,9
CUST00714,Potential Loyalists,3,1,1,5
CUST00715,At Risk / Lost Customers,1,1,1,3
CUST00716,Potential Loyalists,3,1,1,5
CUST00717,VIP / Champions,3,3,3,9
CUST00718,Potential Loyalists,3,2,1,6
CUST00719,Potential Loyalists,3,1,1,5
CUST00720,Potential Loyalists,3,1,1,5
CUST00721,At Risk / Lost Customers,1,1,1,3
CUST00722,Potential Loyalists,3,1,2,6
CUST00723,VIP / Champions,3,3,3,9
CUST00724,Loyal Customers,3,2,2,7
CUST00725,Need Attention,2,1,1,4
CUST00726,Loyal Customers,2,3,3,8
CUST00727,Potential Loyalists,3,1,1,5
CUST00728,Potential Loyalists,3,1,2,6
CUST00729,Loyal Customers,3,2,2,7
CUST00730,At Risk / Lost Customers,1,1,1,3
CUST00731,Need Attention,2,1,1,4
CUST00732,Loyal Customers,2,3,3,8
CUST00733,Need Attention,2,1,1,4
CUST00734,Potential Loyalists,3,2,1,6
CUST00735,Potential Loyalists,3,2,1,6
CUST00736,VIP / Champions,3,3,3,9
CUST00737,Potential Loyalists,3,1,1,5
CUST00738,Potential Loyalists,3,1,1,5
CUST00739,Potential Loyalists,2,2,2,6
CUST00740,Potential Loyalists,3,1,1,5
CUST00741,Need Attention,2,1,1,4
CUST00742,Loyal Customers,3,2,3,8
CUST00743,Need Attention,2,1,1,4
CUST00744,Need Attention,1,2,1,4
CUST00745,Need Attention,2,1,1,4
CUST00746,Loyal Customers,2,3,3,8
CUST00747,Potential Loyalists,3,1,1,5
CUST00748,Need Attention,2,1,1,4
CUST00749,Potential Loyalists,3,1,1,5
CUST00750,Potential Loyalists,3,1,1,5
CUST00751,Loyal Customers,2,3,3,8
CUST00752,VIP / Champions,3,3,3,9
CUST00753,At Risk / Lost Customers,1,1,1,3
CUST00754,Potential Loyalists,1,2,2,5
CUST00755,Potential Loyalists,3,1,1,5
CUST00756,At Risk / Lost Customers,1,1,1,3
CUST00757,Need Attention,2,1,1,4
CUST00758,Need Attention,1,2,1,4
CUST00759,Need Attention,1,1,2,4
CUST00760,Need Attention,2,1,1,4
CUST00761,Potential Loyalists,2,1,2,5
CUST00762,Potential Loyalists,3,1,1,5
CUST00763,At Risk / Lost Customers,1,1,1,3
CUST00764,Loyal Customers,1,3,3,7
CUST00765,Loyal Customers,3,2,2,7
CUST00766,Need Attention,2,1,1,4
CUST00767,Potential Loyalists,2,3,1,6
CUST00768,At Risk / Lost Customers,1,1,1,3
CUST00769,Loyal Customers,3,3,2,8
CUST00770,Potential Loyalists,1,2,3,6
CUST00771,Need Attention,1,2,1,4
CUST00772,Need Attention,1,2,1,4
CUST00773,VIP / Champions,3,3,3,9
CUST00774,VIP / Champions,3,3,3,9
CUST00775,At Risk / Lost Customers,1,1,1,3
CUST00776,Potential Loyalists,3,1,1,5
CUST00777,At Risk / Lost Customers,1,1,1,3
CUST00778,Potential Loyalists,1,2,3,6
CUST00779,At Risk / Lost Customers,1,1,1,3
CUST00780,VIP / Champions,3,3,3,9
CUST00781,Loyal Customers,2,3,3,8
CUST00782,Potential Loyalists,3,1,1,5
CUST00783,VIP / Champions,3,3,3,9
CUST00784,Need Attention,1,2,1,4
CUST00785,Potential Loyalists,3,1,1,5
CUST00786,VIP / Champions,3,3,3,9
CUST00787,Need Attention,2,1,1,4
CUST00788,Loyal Customers,2,3,3,8
CUST00789,Need Attention,1,1,2,4
CUST00790,Loyal Customers,2,3,2,7
CUST00791,Need Attention,2,1,1,4
CUST00792,Need Attention,2,1,1,4
CUST00793,Need Attention,1,1,2,4
CUST00794,Need Attention,1,2,1,4
CUST00795,Need Attention,2,1,1,4
CUST00796,Potential Loyalists,3,1,1,5
CUST00797,Loyal Customers,3,2,2,7
CUST00798,Potential Loyalists,2,2,1,5
CUST00799,Potential Loyalists,3,1,1,5
CUST00800,Potential Loyalists,1,3,2,6
CUST00801,VIP / Champions,3,3,3,9
CUST00802,At Risk / Lost Customers,1,1,1,3
CUST00803,Loyal Customers,3,2,2,7
CUST00804,Potential Loyalists,3,2,1,6
CUST00805,At Risk / Lost Customers,1,1,1,3
CUST00806,Loyal Customers,3,3,2,8
CUST00807,Potential Loyalists,3,2,1,6
CUST00808,Loyal Customers,3,2,3,8
CUST00809,Need Attention,2,1,1,4
CUST00810,Loyal Customers,3,2,2,7
CUST00811,Loyal Customers,3,2,3,8
CUST00812,At Risk / Lost Customers,1,1,1,3
CUST00813,Loyal Customers,3,3,2,8
CUST00814,Potential Loyalists,1,2,3,6
CUST00815,Potential Loyalists,3,1,2,6
CUST00816,At Risk / Lost Customers,1,1,1,3
CUST00817,VIP / Champions,3,3,3,9
CUST00818,Potential Loyalists,3,1,1,5
CUST00819,Need Attention,2,1,1,4
CUST00820,Loyal Customers,3,3,1,7
CUST00821,Loyal Customers,3,2,2,7
CUST00822,Potential Loyalists,3,1,1,5
CUST00823,Potential Loyalists,1,2,3,6
CUST00824,Potential Loyalists,3,1,1,5
CUST00825,Loyal Customers,3,1,3,7
CUST00826,Loyal Customers,3,2,2,7
CUST00827,Potential Loyalists,3,1,1,5
CUST00828,Loyal Customers,3,3,2,8
CUST00829,Loyal Customers,3,2,2,7
CUST00830,Loyal Customers,2,3,2,7
CUST00831,Need Attention,1,1,2,4
CUST00832,Loyal Customers,3,2,2,7
CUST00833,Potential Loyalists,3,1,1,5
CUST00834,VIP / Champions,3,3,3,9
CUST00835,VIP / Champions,3,3,3,9
CUST00836,Loyal Customers,3,2,2,7
CUST00837,Need Attention,2,1,1,4
CUST00838,Potential Loyalists,3,2,1,6
CUST00839,Loyal Customers,2,3,3,8
CUST00840,Loyal Customers,3,2,2,7
CUST00841,Need Attention,1,2,1,4
CUST00842,Loyal Customers,2,2,3,7
CUST00843,Loyal Customers,3,3,2,8
CUST00844,Potential Loyalists,1,3,2,6
CUST00845,Potential Loyalists,3,1,1,5
CUST00846,Loyal Customers,3,3,2,8
CUST00847,At Risk / Lost Customers,1,1,1,3
CUST00848,Potential Loyalists,3,1,1,5
CUST00849,Potential Loyalists,3,1,1,5
CUST00850,At Risk / Lost Customers,1,1,1,3
CUST00851,Potential Loyalists,1,2,2,5
CUST00852,Potential Loyalists,1,3,1,5
CUST00853,Loyal Customers,2,3,3,8
CUST00854,Potential Loyalists,3,1,1,5
CUST00855,Potential Loyalists,3,1,1,5
CUST00856,Potential Loyalists,1,3,2,6
CUST00857,Potential Loyalists,3,1,1,5
CUST00858,At Risk / Lost Customers,1,1,1,3
CUST00859,VIP / Champions,3,3,3,9
CUST00860,Potential Loyalists,3,1,1,5
CUST00861,Potential Loyalists,1,2,2,5
CUST00862,Need Attention,2,1,1,4
CUST00863,Loyal Customers,3,3,2,8
CUST00864,VIP / Champions,3,3,3,9
CUST00865,VIP / Champions,3,3,3,9
CUST00866,VIP / Champions,3,3,3,9
CUST00867,Need Attention,2,1,1,4
CUST00868,Potential Loyalists,3,2,1,6
CUST00869,Potential Loyalists,3,1,1,5
CUST00870,Loyal Customers,1,3,3,7
CUST00871,Loyal Customers,2,3,3,8
CUST00872,At Risk / Lost Customers,1,1,1,3
CUST00873,Need Attention,2,1,1,4
CUST00874,Potential Loyalists,2,2,2,6
CUST00875,Need Attention,2,1,1,4
CUST00876,At Risk / Lost Customers,1,1,1,3
CUST00877,At Risk / Lost Customers,1,1,1,3
CUST00878,Loyal Customers,2,2,3,7
CUST00879,Potential Loyalists,3,1,1,5
CUST00880,Need Attention,2,1,1,4
CUST00881,VIP / Champions,3,3,3,9
CUST00882,VIP / Champions,3,3,3,9
CUST00883,At Risk / Lost Customers,1,1,1,3
CUST00884,Potential Loyalists,2,1,3,6
CUST00885,Potential Loyalists,2,1,3,6
CUST00886,Potential Loyalists,3,2,1,6
CUST00887,Potential Loyalists,3,1,2,6
CUST00888,At Risk / Lost Customers,1,1,1,3
CUST00889,Loyal Customers,3,2,2,7
CUST00890,Potential Loyalists,3,1,1,5
CUST00891,Potential Loyalists,3,2,1,6
CUST00892,Potential Loyalists,3,1,1,5
CUST00893,Loyal Customers,3,2,2,7
CUST00894,Loyal Customers,2,3,3,8
CUST00895,At Risk / Lost Customers,1,1,1,3
CUST00896,Potential Loyalists,3,1,1,5
CUST00897,VIP / Champions,3,3,3,9
CUST00898,Potential Loyalists,3,1,1,5
CUST00899,Potential Loyalists,3,1,2,6
CUST00900,Potential Loyalists,3,1,2,6
CUST00901,Potential Loyalists,3,1,1,5
CUST00902,Loyal Customers,2,2,3,7
CUST00903,Potential Loyalists,3,1,2,6
CUST00904,Loyal Customers,2,3,3,8
CUST00905,Potential Loyalists,3,1,1,5
CUST00906,At Risk / Lost Customers,1,1,1,3
CUST00907,Potential Loyalists,3,1,1,5
CUST00908,Need Attention,2,1,1,4
CUST00909,Loyal Customers,2,3,3,8
CUST00910,Potential Loyalists,3,1,1,5
CUST00911,Need Attention,2,1,1,4
CUST00912,Potential Loyalists,2,2,1,5
CUST00913,At Risk / Lost Customers,1,1,1,3
CUST00914,VIP / Champions,3,3,3,9
CUST00915,Need Attention,2,1,1,4
CUST00916,Loyal Customers,2,3,3,8
CUST00917,VIP / Champions,3,3,3,9
CUST00918,Potential Loyalists,1,2,2,5
CUST00919,Need Attention,1,1,2,4
CUST00920,At Risk / Lost Customers,1,1,1,3
CUST00921,Potential Loyalists,2,1,2,5
CUST00922,At Risk / Lost Customers,1,1,1,3
CUST00923,Loyal Customers,3,3,2,8
CUST00924,VIP / Champions,3,3,3,9
CUST00925,Potential Loyalists,3,1,1,5
CUST00926,Potential Loyalists,3,1,1,5
CUST00927,Loyal Customers,2,3,2,7
CUST00928,Loyal Customers,3,3,2,8
CUST00929,Loyal Customers,3,3,1,7
CUST00930,At Risk / Lost Customers,1,1,1,3
CUST00931,Loyal Customers,3,3,2,8
CUST00932,VIP / Champions,3,3,3,9
CUST00933,Loyal Customers,2,3,3,8
CUST00934,Need Attention,2,1,1,4
CUST00935,Potential Loyalists,2,2,1,5
CUST00936,Loyal Customers,2,3,3,8
CUST00937,VIP / Champions,3,3,3,9
CUST00938,Loyal Customers,2,3,2,7
CUST00939,Need Attention,1,1,2,4
CUST00940,Potential Loyalists,1,2,2,5
CUST00941,Need Attention,2,1,1,4
CUST00942,Need Attention,2,1,1,4
CUST00943,Need Attention,2,1,1,4
CUST00944,Potential Loyalists,3,1,1,5
CUST00945,Potential Loyalists,3,1,1,5
CUST00946,Potential Loyalists,3,1,1,5
CUST00947,Loyal Customers,3,2,2,7
CUST00948,Loyal Customers,2,3,3,8
CUST00949,At Risk / Lost Customers,1,1,1,3
CUST00950,Loyal Customers,3,3,2,8
CUST00951,Loyal Customers,3,2,3,8
CUST00952,Loyal Customers,2,3,2,7
CUST00953,At Risk / Lost Customers,1,1,1,3
CUST00954,VIP / Champions,3,3,3,9
CUST00955,Need Attention,1,1,2,4
CUST00956,Loyal Customers,3,2,2,7
CUST00957,Loyal Customers,2,3,2,7
CUST00958,Loyal Customers,3,2,2,7
CUST00959,VIP / Champions,3,3,3,9
CUST00960,Potential Loyalists,2,2,2,6
CUST00961,Potential Loyalists,3,1,1,5
CUST00962,At Risk / Lost Customers,1,1,1,3
CUST00963,Need Attention,2,1,1,4
CUST00964,Need Attention,1,1,2,4
CUST00965,VIP / Champions,3,3,3,9
CUST00966,Potential Loyalists,1,3,1,5
CUST00967,Loyal Customers,3,3,2,8
CUST00968,Potential Loyalists,2,3,1,6
CUST00969,Need Attention,2,1,1,4
CUST00970,At Risk / Lost Customers,1,1,1,3
CUST00971,Need Attention,2,1,1,4
CUST00972,Need Attention,2,1,1,4
CUST00973,Potential Loyalists,3,1,1,5
CUST00974,Loyal Customers,3,2,2,7
CUST00975,VIP / Champions,3,3,3,9
CUST00976,Potential Loyalists,3,1,1,5
CUST00977,Potential Loyalists,3,2,1,6
CUST00978,Potential Loyalists,3,2,1,6
CUST00979,Potential Loyalists,3,1,2,6
CUST00980,Loyal Customers,3,2,2,7
CUST00981,Potential Loyalists,3,1,1,5
CUST00982,Loyal Customers,2,3,3,8
CUST00983,Need Attention,2,1,1,4
CUST00984,Need Attention,2,1,1,4
CUST00985,Need Attention,2,1,1,4
CUST00986,Loyal Customers,2,3,3,8
CUST00987,Potential Loyalists,3,1,1,5
CUST00988,Loyal Customers,2,3,3,8
CUST00989,At Risk / Lost Customers,1,1,1,3
CUST00990,Loyal Customers,1,3,3,7
CUST00991,At Risk / Lost Customers,1,1,1,3
CUST00992,Potential Loyalists,2,2,2,6
CUST00993,Need Attention,2,1,1,4
CUST00994,Loyal Customers,1,3,3,7
CUST00995,Loyal Customers,3,3,2,8
CUST00996,At Risk / Lost Customers,1,1,1,3
CUST00997,Need Attention,2,1,1,4
CUST00998,VIP / Champions,3,3,3,9
CUST00999,VIP / Champions,3,3,3,9
CUST01000,Need Attention,2,1,1,4
CUST01001,Loyal Customers,3,2,2,7
CUST01002,At Risk / Lost Customers,1,1,1,3
CUST01003,At Risk / Lost Customers,1,1,1,3
CUST01004,Loyal Customers,3,3,2,8
CUST01005,Loyal Customers,2,3,3,8
CUST01006,At Risk / Lost Customers,1,1,1,3
CUST01007,At Risk / Lost Customers,1,1,1,3
CUST01008,Loyal Customers,3,2,3,8
CUST01009,Loyal Customers,2,3,3,8
CUST01010,At Risk / Lost Customers,1,1,1,3
CUST01011,Loyal Customers,3,2,2,7
CUST01012,VIP / Champions,3,3,3,9
CUST01013,Potential Loyalists,3,1,1,5
CUST01014,Potential Loyalists,3,2,1,6
CUST01015,Potential Loyalists,3,2,1,6
CUST01016,Potential Loyalists,1,3,2,6
CUST01017,Loyal Customers,3,3,2,8
CUST01018,At Risk / Lost Customers,1,1,1,3
CUST01019,Potential Loyalists,3,1,2,6
CUST01020,Need Attention,1,2,1,4
CUST01021,Loyal Customers,3,3,2,8
CUST01022,Need Attention,2,1,1,4
CUST01023,At Risk / Lost Customers,1,1,1,3
CUST01024,Potential Loyalists,3,1,1,5
CUST01025,VIP / Champions,3,3,3,9
CUST01026,Need Attention,2,1,1,4
CUST01027,At Risk / Lost Customers,1,1,1,3
CUST01028,Loyal Customers,3,3,1,7
CUST01029,At Risk / Lost Customers,1,1,1,3
CUST01030,Potential Loyalists,3,1,1,5
CUST01031,Potential Loyalists,3,1,1,5
CUST01032,Potential Loyalists,3,1,2,6
CUST01033,At Risk / Lost Customers,1,1,1,3
CUST01034,Need Attention,2,1,1,4
CUST01035,VIP / Champions,3,3,3,9
CUST01036,Loyal Customers,3,3,1,7
CUST01037,Potential Loyalists,3,1,1,5
CUST01038,Need Attention,2,1,1,4
CUST01039,VIP / Champions,3,3,3,9
CUST01040,Need Attention,1,2,1,4
CUST01041,At Risk / Lost Customers,1,1,1,3
CUST01042,Need Attention,2,1,1,4
CUST01043,At Risk / Lost Customers,1,1,1,3
CUST01044,Potential Loyalists,3,1,1,5
CUST01045,Potential Loyalists,3,1,1,5
CUST01046,At Risk / Lost Customers,1,1,1,3
CUST01047,Potential Loyalists,3,1,1,5
CUST01048,VIP / Champions,3,3,3,9
CUST01049,At Risk / Lost Customers,1,1,1,3
CUST01050,Potential Loyalists,2,2,2,6
CUST01051,Need Attention,2,1,1,4
CUST01052,At Risk / Lost Customers,1,1,1,3
CUST01053,Need Attention,2,1,1,4
CUST01054,Potential Loyalists,2,2,1,5
CUST01055,Loyal Customers,3,3,1,7
CUST01056,Potential Loyalists,3,1,1,5
CUST01057,Potential Loyalists,3,1,2,6
CUST01058,Need Attention,1,1,2,4
CUST01059,Potential Loyalists,3,1,1,5
CUST01060,Loyal Customers,2,3,3,8
CUST01061,At Risk / Lost Customers,1,1,1,3
CUST01062,Loyal Customers,3,2,2,7
CUST01063,Need Attention,2,1,1,4
CUST01064,At Risk / Lost Customers,1,1,1,3
CUST01065,VIP / Champions,3,3,3,9
CUST01066,Need Attention,2,1,1,4
CUST01067,At Risk / Lost Customers,1,1,1,3
CUST01068,Loyal Customers,1,3,3,7
CUST01069,VIP / Champions,3,3,3,9
CUST01070,Potential Loyalists,2,2,2,6
CUST01071,Need Attention,2,1,1,4
CUST01072,Need Attention,2,1,1,4
CUST01073,Need Attention,2,1,1,4
CUST01074,Potential Loyalists,1,2,2,5
CUST01075,Loyal Customers,3,2,2,7
CUST01076,Need Attention,2,1,1,4
CUST01077,Need Attention,2,1,1,4
CUST01078,Need Attention,1,1,2,4
CUST01079,Loyal Customers,3,2,2,7
CUST01080,VIP / Champions,3,3,3,9
CUST01081,Loyal Customers,2,3,3,8
CUST01082,Potential Loyalists,3,1,1,5
CUST01083,VIP / Champions,3,3,3,9
CUST01084,Loyal Customers,2,3,3,8
CUST01085,At Risk / Lost Customers,1,1,1,3
CUST01086,At Risk / Lost Customers,1,1,1,3
CUST01087,VIP / Champions,3,3,3,9
CUST01088,Loyal Customers,2,2,3,7
CUST01089,Potential Loyalists,2,2,1,5
CUST01090,Potential Loyalists,3,2,1,6
CUST01091,At Risk / Lost Customers,1,1,1,3
CUST01092,Potential Loyalists,3,1,1,5
CUST01093,VIP / Champions,3,3,3,9
CUST01094,Loyal Customers,2,2,3,7
CUST01095,Loyal Customers,2,3,3,8
CUST01096,Loyal Customers,3,3,2,8
CUST01097,Need Attention,2,1,1,4
CUST01098,Potential Loyalists,3,1,1,5
CUST01099,Need Attention,2,1,1,4
CUST01100,At Risk / Lost Customers,1,1,1,3
CUST01101,Potential Loyalists,3,1,1,5
CUST01102,At Risk / Lost Customers,1,1,1,3
CUST01103,Loyal Customers,2,3,3,8
CUST01104,Loyal Customers,2,3,3,8
CUST01105,Potential Loyalists,2,1,2,5
CUST01106,Need Attention,2,1,1,4
CUST01107,Loyal Customers,3,3,2,8
CUST01108,Loyal Customers,3,2,2,7
CUST01109,Potential Loyalists,3,1,1,5
CUST01110,Loyal Customers,3,3,2,8
CUST01111,Loyal Customers,3,2,2,7
CUST01112,Potential Loyalists,1,3,1,5
CUST01113,At Risk / Lost Customers,1,1,1,3
CUST01114,VIP / Champions,3,3,3,9
CUST01115,Potential Loyalists,3,1,1,5
CUST01116,Loyal Customers,3,2,3,8
CUST01117,Potential Loyalists,3,1,1,5
CUST01118,Loyal Customers,1,3,3,7
CUST01119,Need Attention,2,1,1,4
CUST01120,VIP / Champions,3,3,3,9
CUST01121,At Risk / Lost Customers,1,1,1,3
CUST01122,Potential Loyalists,3,1,1,5
CUST01123,Potential Loyalists,3,1,1,5
CUST01124,At Risk / Lost Customers,1,1,1,3
CUST01125,VIP / Champions,3,3,3,9
CUST01126,At Risk / Lost Customers,1,1,1,3
CUST01127,Potential Loyalists,2,2,2,6
CUST01128,Potential Loyalists,2,1,2,5
CUST01129,Loyal Customers,1,3,3,7
CUST01130,Potential Loyalists,3,1,2,6
CUST01131,At Risk / Lost Customers,1,1,1,3
CUST01132,Potential Loyalists,3,1,1,5
CUST01133,Loyal Customers,1,3,3,7
CUST01134,VIP / Champions,3,3,3,9
CUST01135,At Risk / Lost Customers,1,1,1,3
CUST01136,Loyal Customers,3,3,2,8
CUST01137,Need Attention,2,1,1,4
CUST01138,Potential Loyalists,2,2,2,6
CUST01139,Potential Loyalists,3,1,1,5
CUST01140,Loyal Customers,1,3,3,7
CUST01141,Need Attention,1,2,1,4
CUST01142,Potential Loyalists,2,1,2,5
CUST01143,Potential Loyalists,3,1,1,5
CUST01144,Loyal Customers,3,3,2,8
CUST01145,Loyal Customers,3,2,2,7
CUST01146,Loyal Customers,3,2,2,7
CUST01147,Potential Loyalists,2,2,1,5
CUST01148,Potential Loyalists,3,1,1,5
CUST01149,At Risk / Lost Customers,1,1,1,3
CUST01150,Loyal Customers,3,2,3,8
CUST01151,Loyal Customers,3,3,2,8
CUST01152,At Risk / Lost Customers,1,1,1,3
CUST01153,At Risk / Lost Customers,1,1,1,3
CUST01154,Potential Loyalists,3,1,1,5
CUST01155,VIP / Champions,3,3,3,9
CUST01156,At Risk / Lost Customers,1,1,1,3
CUST01157,Potential Loyalists,3,1,1,5
CUST01158,Potential Loyalists,3,1,1,5
CUST01159,Need Attention,2,1,1,4
CUST01160,At Risk / Lost Customers,1,1,1,3
CUST01161,Potential Loyalists,3,1,1,5
CUST01162,VIP / Champions,3,3,3,9
CUST01163,Need Attention,2,1,1,4
CUST01164,Potential Loyalists,3,2,1,6
CUST01165,Loyal Customers,1,3,3,7
CUST01166,Loyal Customers,3,2,2,7
CUST01167,VIP / Champions,3,3,3,9
CUST01168,VIP / Champions,3,3,3,9
CUST01169,Loyal Customers,1,3,3,7
CUST01170,At Risk / Lost Customers,1,1,1,3
CUST01171,Loyal Customers,2,3,3,8
CUST01172,Potential Loyalists,3,1,1,5
CUST01173,Loyal Customers,3,2,3,8
CUST01174,Potential Loyalists,3,1,1,5
CUST01175,At Risk / Lost Customers,1,1,1,3
CUST01176,Loyal Customers,3,2,2,7
CUST01177,Need Attention,2,1,1,4
CUST01178,Potential Loyalists,2,2,1,5
CUST01179,Potential Loyalists,3,2,1,6
CUST01180,VIP / Champions,3,3,3,9
CUST01181,Need Attention,2,1,1,4
CUST01182,At Risk / Lost Customers,1,1,1,3
CUST01183,Potential Loyalists,3,1,1,5
CUST01184,At Risk / Lost Customers,1,1,1,3
CUST01185,Loyal Customers,2,3,3,8
CUST01186,Need Attention,2,1,1,4
CUST01187,Potential Loyalists,3,1,1,5
CUST01188,Loyal Customers,2,2,3,7
CUST01189,Need Attention,2,1,1,4
CUST01190,Loyal Customers,3,2,2,7
CUST01191,Loyal Customers,2,3,3,8
CUST01192,Need Attention,1,1,2,4
CUST01193,Potential Loyalists,3,2,1,6
CUST01194,At Risk / Lost Customers,1,1,1,3
CUST01195,Potential Loyalists,2,2,1,5
CUST01196,Potential Loyalists,3,1,2,6
CUST01197,Loyal Customers,2,3,3,8
CUST01198,At Risk / Lost Customers,1,1,1,3
CUST01199,Loyal Customers,3,2,3,8
CUST01200,VIP / Champions,3,3,3,9
CUST01201,At Risk / Lost Customers,1,1,1,3
CUST01202,Need Attention,1,2,1,4
CUST01203,Loyal Customers,3,2,2,7
CUST01204,Need Attention,2,1,1,4
CUST01205,Loyal Customers,2,3,3,8
CUST01206,Loyal Customers,2,3,2,7
CUST01207,Loyal Customers,2,3,3,8
CUST01208,Potential Loyalists,3,1,1,5
CUST01209,Loyal Customers,3,2,2,7
CUST01210,At Risk / Lost Customers,1,1,1,3
CUST01211,Loyal Customers,3,2,3,8
CUST01212,Loyal Customers,2,3,3,8
CUST01213,Loyal Customers,3,3,2,8
CUST01214,Potential Loyalists,3,1,1,5
CUST01215,VIP / Champions,3,3,3,9
CUST01216,Loyal Customers,3,3,2,8
CUST01217,Need Attention,2,1,1,4
CUST01218,Potential Loyalists,3,1,1,5
CUST01219,Need Attention,2,1,1,4
CUST01220,Potential Loyalists,3,1,1,5
CUST01221,VIP / Champions,3,3,3,9
CUST01222,Loyal Customers,2,3,2,7
CUST01223,Potential Loyalists,3,1,1,5
CUST01224,Loyal Customers,2,3,2,7
CUST01225,Loyal Customers,3,3,2,8
CUST01226,Potential Loyalists,3,1,1,5
CUST01227,At Risk / Lost Customers,1,1,1,3
CUST01228,Potential Loyalists,3,2,1,6
CUST01229,VIP / Champions,3,3,3,9
CUST01230,Potential Loyalists,3,1,1,5
CUST01231,Potential Loyalists,3,2,1,6
CUST01232,Need Attention,1,2,1,4
CUST01233,Loyal Customers,3,3,2,8
CUST01234,Potential Loyalists,3,1,2,6
CUST01235,Loyal Customers,2,3,2,7
CUST01236,VIP / Champions,3,3,3,9
CUST01237,Potential Loyalists,3,2,1,6
CUST01238,Potential Loyalists,3,1,1,5
CUST01239,Loyal Customers,2,3,3,8
CUST01240,At Risk / Lost Customers,1,1,1,3
CUST01241,Potential Loyalists,3,1,1,5
CUST01242,At Risk / Lost Customers,1,1,1,3
CUST01243,At Risk / Lost Customers,1,1,1,3
CUST01244,Loyal Customers,3,2,2,7
CUST01245,Need Attention,2,1,1,4
CUST01246,Potential Loyalists,3,1,1,5
CUST01247,Loyal Customers,1,3,3,7
CUST01248,Need Attention,1,1,2,4
CUST01249,Potential Loyalists,3,1,2,6
CUST01250,Potential Loyalists,3,1,1,5
CUST01251,Potential Loyalists,2,2,2,6
CUST01252,At Risk / Lost Customers,1,1,1,3
CUST01253,At Risk / Lost Customers,1,1,1,3
CUST01254,Need Attention,2,1,1,4
CUST01255,VIP / Champions,3,3,3,9
CUST01256,Loyal Customers,2,3,3,8
CUST01257,Potential Loyalists,1,1,3,5
CUST01258,Potential Loyalists,3,1,2,6
CUST01259,Potential Loyalists,3,1,1,5
CUST01260,Potential Loyalists,3,1,1,5
CUST01261,Need Attention,2,1,1,4
CUST01262,Potential Loyalists,3,1,1,5
CUST01263,Loyal Customers,3,2,2,7
CUST01264,Potential Loyalists,3,1,1,5
CUST01265,VIP / Champions,3,3,3,9
CUST01266,Potential Loyalists,1,3,2,6
CUST01267,VIP / Champions,3,3,3,9
CUST01268,Potential Loyalists,3,2,1,6
CUST01269,Potential Loyalists,2,1,2,5
CUST01270,At Risk / Lost Customers,1,1,1,3
CUST01271,Potential Loyalists,1,2,2,5
CUST01272,At Risk / Lost Customers,1,1,1,3
CUST01273,VIP / Champions,3,3,3,9
CUST01274,Potential Loyalists,3,1,1,5
CUST01275,VIP / Champions,3,3,3,9
CUST01276,Potential Loyalists,3,1,1,5
CUST01277,Loyal Customers,3,2,2,7
CUST01278,Potential Loyalists,2,2,2,6
CUST01279,VIP / Champions,3,3,3,9
CUST01280,Potential Loyalists,3,1,1,5
CUST01281,VIP / Champions,3,3,3,9
CUST01282,VIP / Champions,3,3,3,9
CUST01283,VIP / Champions,3,3,3,9
CUST01284,Potential Loyalists,2,3,1,6
CUST01285,Need Attention,2,1,1,4
CUST01286,Need Attention,2,1,1,4
CUST01287,Potential Loyalists,3,2,1,6
CUST01288,Potential Loyalists,3,1,1,5
CUST01289,VIP / Champions,3,3,3,9
CUST01290,Loyal Customers,2,3,2,7
CUST01291,Potential Loyalists,2,2,2,6
CUST01292,VIP / Champions,3,3,3,9
CUST01293,Loyal Customers,2,3,2,7
CUST01294,Loyal Customers,1,3,3,7
CUST01295,Potential Loyalists,3,1,1,5
CUST01296,Need Attention,2,1,1,4
CUST01297,VIP / Champions,3,3,3,9
CUST01298,Potential Loyalists,3,1,1,5
CUST01299,Loyal Customers,3,3,2,8
CUST01300,VIP / Champions,3,3,3,9
CUST01301,Loyal Customers,2,3,3,8
CUST01302,At Risk / Lost Customers,1,1,1,3
CUST01303,Loyal Customers,2,3,3,8
CUST01304,Potential Loyalists,2,1,2,5
CUST01305,At Risk / Lost Customers,1,1,1,3
CUST01306,At Risk / Lost Customers,1,1,1,3
CUST01307,Loyal Customers,3,2,2,7
CUST01308,Potential Loyalists,1,3,1,5
CUST01309,VIP / Champions,3,3,3,9
CUST01310,At Risk / Lost Customers,1,1,1,3
CUST01311,Need Attention,2,1,1,4
CUST01312,Potential Loyalists,2,2,2,6
CUST01313,Loyal Customers,2,3,2,7
CUST01314,Loyal Customers,2,3,3,8
CUST01315,Need Attention,1,1,2,4
CUST01316,Loyal Customers,3,3,2,8
CUST01317,At Risk / Lost Customers,1,1,1,3
CUST01318,Need Attention,1,2,1,4
CUST01319,Potential Loyalists,3,1,1,5
CUST01320,Need Attention,2,1,1,4
CUST01321,Potential Loyalists,3,1,1,5
CUST01322,Loyal Customers,3,3,1,7
CUST01323,At Risk / Lost Customers,1,1,1,3
CUST01324,Potential Loyalists,3,1,1,5
CUST01325,At Risk / Lost Customers,1,1,1,3
CUST01326,Potential Loyalists,3,1,1,5
CUST01327,At Risk / Lost Customers,1,1,1,3
CUST01328,VIP / Champions,3,3,3,9
CUST01329,At Risk / Lost Customers,1,1,1,3
CUST01330,Loyal Customers,3,2,2,7
CUST01331,At Risk / Lost Customers,1,1,1,3
CUST01332,Loyal Customers,1,3,3,7
CUST01333,Potential Loyalists,3,1,1,5
CUST01334,Potential Loyalists,3,1,1,5
CUST01335,Loyal Customers,3,2,2,7
CUST01336,Potential Loyalists,3,1,2,6
CUST01337,Loyal Customers,2,3,3,8
CUST01338,Potential Loyalists,3,1,1,5
CUST01339,Loyal Customers,3,3,2,8
CUST01340,Loyal Customers,3,3,1,7
CUST01341,Potential Loyalists,3,1,1,5
CUST01342,Need Attention,2,1,1,4
CUST01343,Need Attention,2,1,1,4
CUST01344,Potential Loyalists,2,1,2,5
CUST01345,VIP / Champions,3,3,3,9
CUST01346,VIP / Champions,3,3,3,9
CUST01347,Potential Loyalists,3,1,2,6
CUST01348,Potential Loyalists,3,1,1,5
CUST01349,Loyal Customers,3,1,3,7
CUST01350,At Risk / Lost Customers,1,1,1,3
CUST01351,VIP / Champions,3,3,3,9
CUST01352,Need Attention,2,1,1,4
CUST01353,Loyal Customers,3,3,2,8
CUST01354,Potential Loyalists,1,2,2,5
CUST01355,Potential Loyalists,3,1,1,5
CUST01356,Potential Loyalists,1,3,2,6
CUST01357,Need Attention,1,1,2,4
CUST01358,Potential Loyalists,3,1,1,5
CUST01359,Potential Loyalists,3,2,1,6
CUST01360,Need Attention,2,1,1,4
CUST01361,Potential Loyalists,2,2,2,6
CUST01362,VIP / Champions,3,3,3,9
CUST01363,Need Attention,1,1,2,4
CUST01364,Potential Loyalists,3,1,2,6
CUST01365,Potential Loyalists,3,1,1,5
CUST01366,VIP / Champions,3,3,3,9
CUST01367,Potential Loyalists,1,3,2,6
CUST01368,Potential Loyalists,3,1,2,6
CUST01369,At Risk / Lost Customers,1,1,1,3
CUST01370,Potential Loyalists,3,1,1,5
CUST01371,VIP / Champions,3,3,3,9
CUST01372,Loyal Customers,3,2,3,8
CUST01373,Need Attention,2,1,1,4
CUST01374,Potential Loyalists,2,2,1,5
CUST01375,Loyal Customers,2,2,3,7
CUST01376,Potential Loyalists,3,1,1,5
CUST01377,At Risk / Lost Customers,1,1,1,3
CUST01378,Potential Loyalists,3,1,1,5
CUST01379,Loyal Customers,3,3,1,7
CUST01380,Loyal Customers,3,2,2,7
CUST01381,Loyal Customers,2,2,3,7
CUST01382,VIP / Champions,3,3,3,9
CUST01383,Potential Loyalists,3,1,1,5
CUST01384,At Risk / Lost Customers,1,1,1,3
CUST01385,Potential Loyalists,3,1,1,5
CUST01386,Loyal Customers,1,3,3,7
CUST01387,VIP / Champions,3,3,3,9
CUST01388,At Risk / Lost Customers,1,1,1,3
CUST01389,Loyal Customers,2,3,3,8
CUST01390,Need Attention,2,1,1,4
CUST01391,VIP / Champions,3,3,3,9
CUST01392,Loyal Customers,3,3,2,8
CUST01393,At Risk / Lost Customers,1,1,1,3
CUST01394,Potential Loyalists,3,1,1,5
CUST01395,Need Attention,2,1,1,4
CUST01396,Need Attention,1,2,1,4
CUST01397,Potential Loyalists,3,1,1,5
CUST01398,At Risk / Lost Customers,1,1,1,3
CUST01399,Loyal Customers,1,3,3,7
CUST01400,Potential Loyalists,3,1,1,5
CUST01401,Loyal Customers,2,3,3,8
CUST01402,Potential Loyalists,1,3,1,5
CUST01403,At Risk / Lost Customers,1,1,1,3
CUST01404,Potential Loyalists,1,2,2,5
CUST01405,Need Attention,2,1,1,4
CUST01406,Loyal Customers,3,2,2,7
CUST01407,Potential Loyalists,3,1,1,5
CUST01408,Potential Loyalists,2,1,2,5
CUST01409,Loyal Customers,3,3,2,8
CUST01410,Loyal Customers,3,3,2,8
CUST01411,Potential Loyalists,3,1,1,5
CUST01412,Potential Loyalists,1,2,2,5
CUST01413,Potential Loyalists,3,1,1,5
CUST01414,Potential Loyalists,3,1,1,5
CUST01415,Loyal Customers,2,3,3,8
CUST01416,Potential Loyalists,3,2,1,6
CUST01417,Potential Loyalists,1,3,2,6
CUST01418,Potential Loyalists,3,1,1,5
CUST01419,Loyal Customers,2,3,3,8
CUST01420,VIP / Champions,3,3,3,9
CUST01421,Loyal Customers,3,2,3,8
CUST01422,Need Attention,2,1,1,4
CUST01423,Potential Loyalists,3,2,1,6
CUST01424,Potential Loyalists,3,1,1,5
CUST01425,Potential Loyalists,1,3,2,6
CUST01426,At Risk / Lost Customers,1,1,1,3
CUST01427,Need Attention,2,1,1,4
CUST01428,Loyal Customers,3,2,2,7
CUST01429,Loyal Customers,2,3,3,8
CUST01430,At Risk / Lost Customers,1,1,1,3
CUST01431,Potential Loyalists,1,3,1,5
CUST01432,VIP / Champions,3,3,3,9
CUST01433,Potential Loyalists,3,1,1,5
CUST01434,Need Attention,2,1,1,4
CUST01435,At Risk / Lost Customers,1,1,1,3
CUST01436,Loyal Customers,2,3,2,7
CUST01437,Potential Loyalists,2,2,1,5
CUST01438,Potential Loyalists,1,2,2,5
CUST01439,Need Attention,2,1,1,4
CUST01440,Potential Loyalists,3,1,2,6
CUST01441,VIP / Champions,3,3,3,9
CUST01442,Potential Loyalists,1,2,2,5
CUST01443,Need Attention,2,1,1,4
CUST01444,Loyal Customers,2,3,3,8
CUST01445,At Risk / Lost Customers,1,1,1,3
CUST01446,Potential Loyalists,3,1,1,5
CUST01447,Loyal Customers,2,3,3,8
CUST01448,Need Attention,2,1,1,4
CUST01449,Potential Loyalists,2,2,1,5
CUST01450,Loyal Customers,1,3,3,7
CUST01451,Potential Loyalists,3,2,1,6
CUST01452,Loyal Customers,2,3,2,7
CUST01453,Loyal Customers,1,3,3,7
CUST01454,Loyal Customers,3,2,2,7
CUST01455,Need Attention,2,1,1,4
CUST01456,Loyal Customers,2,3,3,8
CUST01457,Potential Loyalists,3,1,2,6
CUST01458,Loyal Customers,3,3,2,8
CUST01459,Need Attention,2,1,1,4
CUST01460,VIP / Champions,3,3,3,9
CUST01461,VIP / Champions,3,3,3,9
CUST01462,Loyal Customers,1,3,3,7
CUST01463,Potential Loyalists,2,2,1,5
CUST01464,At Risk / Lost Customers,1,1,1,3
CUST01465,Potential Loyalists,3,1,1,5
CUST01466,Loyal Customers,2,3,2,7
CUST01467,Loyal Customers,2,3,3,8
CUST01468,Loyal Customers,1,3,3,7
CUST01469,VIP / Champions,3,3,3,9
CUST01470,Loyal Customers,3,2,3,8
CUST01471,Loyal Customers,1,3,3,7
CUST01472,VIP / Champions,3,3,3,9
CUST01473,Potential Loyalists,3,2,1,6
CUST01474,Loyal Customers,1,3,3,7
CUST01475,Potential Loyalists,2,2,1,5
CUST01476,Potential Loyalists,3,1,1,5
CUST01477,Potential Loyalists,2,2,1,5
CUST01478,Loyal Customers,2,3,3,8
CUST01479,Potential Loyalists,2,2,1,5
CUST01480,Potential Loyalists,1,2,2,5
CUST01481,Potential Loyalists,3,2,1,6
CUST01482,Need Attention,2,1,1,4
CUST01483,VIP / Champions,3,3,3,9
CUST01484,Potential Loyalists,3,1,1,5
CUST01485,Potential Loyalists,2,3,1,6
CUST01486,Potential Loyalists,3,1,1,5
CUST01487,Potential Loyalists,3,2,1,6
CUST01488,Potential Loyalists,1,3,2,6
CUST01489,Need Attention,1,2,1,4
CUST01490,Potential Loyalists,1,2,3,6
CUST01491,Loyal Customers,2,3,3,8
CUST01492,Potential Loyalists,3,1,1,5
CUST01493,Loyal Customers,2,3,3,8
CUST01494,Loyal Customers,3,3,2,8
CUST01495,Loyal Customers,2,3,3,8
CUST01496,Potential Loyalists,2,2,2,6
CUST01497,At Risk / Lost Customers,1,1,1,3
CUST01498,Potential Loyalists,3,1,1,5
CUST01499,Potential Loyalists,3,1,1,5
CUST01500,At Risk / Lost Customers,1,1,1,3
CUST01501,Potential Loyalists,2,2,2,6
CUST01502,Potential Loyalists,3,1,1,5
CUST01503,Potential Loyalists,3,1,1,5
CUST01504,At Risk / Lost Customers,1,1,1,3
CUST01505,Need Attention,2,1,1,4
CUST01506,Potential Loyalists,2,2,2,6
CUST01507,At Risk / Lost Customers,1,1,1,3
CUST01508,At Risk / Lost Customers,1,1,1,3
CUST01509,Loyal Customers,2,3,3,8
CUST01510,At Risk / Lost Customers,1,1,1,3
CUST01511,Potential Loyalists,3,1,1,5
CUST01512,Potential Loyalists,3,1,1,5
CUST01513,Potential Loyalists,3,1,1,5
CUST01514,Loyal Customers,3,2,2,7
CUST01515,Loyal Customers,3,3,2,8
CUST01516,Need Attention,2,1,1,4
CUST01517,VIP / Champions,3,3,3,9
CUST01518,Potential Loyalists,3,1,1,5
CUST01519,Loyal Customers,3,3,2,8
CUST01520,VIP / Champions,3,3,3,9
CUST01521,Potential Loyalists,3,1,1,5
CUST01522,At Risk / Lost Customers,1,1,1,3
CUST01523,Potential Loyalists,2,2,2,6
CUST01524,Need Attention,2,1,1,4
CUST01525,VIP / Champions,3,3,3,9
CUST01526,VIP / Champions,3,3,3,9
CUST01527,Loyal Customers,2,3,3,8
CUST01528,Need Attention,2,1,1,4
CUST01529,Potential Loyalists,2,2,1,5
CUST01530,Potential Loyalists,3,1,2,6
CUST01531,Potential Loyalists,3,1,1,5
CUST01532,VIP / Champions,3,3,3,9
CUST01533,Potential Loyalists,3,1,1,5
CUST01534,Potential Loyalists,3,1,1,5
CUST01535,At Risk / Lost Customers,1,1,1,3
CUST01536,Potential Loyalists,3,1,1,5
CUST01537,Need Attention,1,1,2,4
CUST01538,At Risk / Lost Customers,1,1,1,3
CUST01539,At Risk / Lost Customers,1,1,1,3
CUST01540,Potential Loyalists,2,2,1,5
CUST01541,Potential Loyalists,3,1,1,5
CUST01542,Need Attention,1,2,1,4
CUST01543,Potential Loyalists,3,1,2,6
CUST01544,VIP / Champions,3,3,3,9
CUST01545,Loyal Customers,3,2,2,7
CUST01546,Need Attention,2,1,1,4
CUST01547,Need Attention,2,1,1,4
CUST01548,VIP / Champions,3,3,3,9
CUST01549,Potential Loyalists,3,1,1,5
CUST01550,Potential Loyalists,3,2,1,6
CUST01551,At Risk / Lost Customers,1,1,1,3
CUST01552,Loyal Customers,3,2,3,8
CUST01553,Potential Loyalists,3,2,1,6
CUST01554,Potential Loyalists,3,1,2,6
CUST01555,Potential Loyalists,1,2,3,6
CUST01556,Potential Loyalists,3,1,1,5
CUST01557,Loyal Customers,2,3,3,8
CUST01558,Loyal Customers,3,3,2,8
CUST01559,Loyal Customers,2,2,3,7
CUST01560,Need Attention,2,1,1,4
CUST01561,Loyal Customers,1,3,3,7
CUST01562,Loyal Customers,2,2,3,7
CUST01563,Loyal Customers,2,3,3,8
CUST01564,Potential Loyalists,1,2,3,6
CUST01565,Loyal Customers,2,3,3,8
CUST01566,Need Attention,2,1,1,4
CUST01567,VIP / Champions,3,3,3,9
CUST01568,At Risk / Lost Customers,1,1,1,3
CUST01569,Potential Loyalists,3,1,1,5
CUST01570,Loyal Customers,3,2,3,8
CUST01571,Loyal Customers,3,3,2,8
CUST01572,Loyal Customers,2,3,3,8
CUST01573,VIP / Champions,3,3,3,9
CUST01574,Loyal Customers,2,3,3,8
CUST01575,Loyal Customers,3,2,2,7
CUST01576,VIP / Champions,3,3,3,9
CUST01577,At Risk / Lost Customers,1,1,1,3
CUST01578,Potential Loyalists,3,1,2,6
CUST01579,Loyal Customers,3,3,2,8
CUST01580,Need Attention,2,1,1,4
CUST01581,VIP / Champions,3,3,3,9
CUST01582,Potential Loyalists,3,1,1,5
CUST01583,Need Attention,1,1,2,4
CUST01584,Loyal Customers,3,2,3,8
CUST01585,Loyal Customers,3,3,2,8
CUST01586,At Risk / Lost Customers,1,1,1,3
CUST01587,Potential Loyalists,3,1,1,5
CUST01588,Need Attention,2,1,1,4
CUST01589,At Risk / Lost Customers,1,1,1,3
CUST01590,Need Attention,2,1,1,4
CUST01591,Potential Loyalists,1,2,2,5
CUST01592,Potential Loyalists,3,1,1,5
CUST01593,Loyal Customers,2,3,3,8
CUST01594,Potential Loyalists,3,1,1,5
CUST01595,Loyal Customers,2,3,3,8
CUST01596,At Risk / Lost Customers,1,1,1,3
CUST01597,Loyal Customers,1,3,3,7
CUST01598,Loyal Customers,3,2,2,7
CUST01599,At Risk / Lost Customers,1,1,1,3
CUST01600,Potential Loyalists,1,3,2,6
CUST01601,Potential Loyalists,1,2,2,5
CUST01602,Loyal Customers,2,3,2,7
CUST01603,Need Attention,2,1,1,4
CUST01604,Potential Loyalists,2,2,2,6
CUST01605,Loyal Customers,1,3,3,7
CUST01606,Loyal Customers,2,3,2,7
CUST01607,Loyal Customers,3,3,1,7
CUST01608,Potential Loyalists,3,1,2,6
CUST01609,VIP / Champions,3,3,3,9
CUST01610,VIP / Champions,3,3,3,9
CUST01611,Loyal Customers,2,3,2,7
CUST01612,Loyal Customers,2,2,3,7
CUST01613,VIP / Champions,3,3,3,9
CUST01614,Need Attention,2,1,1,4
CUST01615,VIP / Champions,3,3,3,9
CUST01616,At Risk / Lost Customers,1,1,1,3
CUST01617,Loyal Customers,2,3,2,7
CUST01618,Potential Loyalists,3,1,1,5
CUST01619,Potential Loyalists,2,2,1,5
CUST01620,Need Attention,2,1,1,4
CUST01621,Need Attention,2,1,1,4
CUST01622,Potential Loyalists,2,1,2,5
CUST01623,VIP / Champions,3,3,3,9
CUST01624,VIP / Champions,3,3,3,9
CUST01625,Potential Loyalists,3,2,1,6
CUST01626,Loyal Customers,1,3,3,7
CUST01627,Need Attention,1,2,1,4
CUST01628,VIP / Champions,3,3,3,9
CUST01629,VIP / Champions,3,3,3,9
CUST01630,Need Attention,2,1,1,4
CUST01631,Potential Loyalists,3,1,1,5
CUST01632,Loyal Customers,2,3,3,8
CUST01633,At Risk / Lost Customers,1,1,1,3
CUST01634,Potential Loyalists,3,1,1,5
CUST01635,At Risk / Lost Customers,1,1,1,3
CUST01636,Need Attention,2,1,1,4
CUST01637,Potential Loyalists,1,2,2,5
CUST01638,Loyal Customers,3,2,3,8
CUST01639,Potential Loyalists,3,1,1,5
CUST01640,Loyal Customers,2,3,2,7
CUST01641,Loyal Customers,2,3,3,8
CUST01642,Potential Loyalists,2,1,2,5
CUST01643,Loyal Customers,2,3,3,8
CUST01644,Loyal Customers,2,3,3,8
CUST01645,Loyal Customers,1,3,3,7
CUST01646,Potential Loyalists,2,2,2,6
CUST01647,At Risk / Lost Customers,1,1,1,3
CUST01648,Potential Loyalists,3,1,1,5
CUST01649,Need Attention,2,1,1,4
CUST01650,Potential Loyalists,1,2,2,5
CUST01651,At Risk / Lost Customers,1,1,1,3
CUST01652,Potential Loyalists,2,2,2,6
CUST01653,VIP / Champions,3,3,3,9
CUST01654,Potential Loyalists,1,2,2,5
CUST01655,VIP / Champions,3,3,3,9
CUST01656,VIP / Champions,3,3,3,9
CUST01657,Loyal Customers,2,3,3,8
CUST01658,Need Attention,2,1,1,4
CUST01659,Potential Loyalists,3,1,1,5
CUST01660,Potential Loyalists,3,1,1,5
CUST01661,Loyal Customers,2,3,3,8
CUST01662,Need Attention,2,1,1,4
CUST01663,Potential Loyalists,2,3,1,6
CUST01664,Loyal Customers,3,2,2,7
CUST01665,Loyal Customers,3,2,3,8
CUST01666,Loyal Customers,3,2,2,7
CUST01667,Potential Loyalists,3,1,1,5
CUST01668,Potential Loyalists,1,1,3,5
CUST01669,Potential Loyalists,3,1,1,5
CUST01670,Loyal Customers,3,3,2,8
CUST01671,VIP / Champions,3,3,3,9
CUST01672,Potential Loyalists,3,1,1,5
CUST01673,Potential Loyalists,2,2,2,6
CUST01674,VIP / Champions,3,3,3,9
CUST01675,Loyal Customers,3,3,2,8
CUST01676,At Risk / Lost Customers,1,1,1,3
CUST01677,Potential Loyalists,3,2,1,6
CUST01678,At Risk / Lost Customers,1,1,1,3
CUST01679,Potential Loyalists,3,1,1,5
CUST01680,Loyal Customers,3,2,2,7
CUST01681,Potential Loyalists,3,1,2,6
CUST01682,Potential Loyalists,3,1,1,5
CUST01683,Loyal Customers,1,3,3,7
CUST01684,Potential Loyalists,2,2,2,6
CUST01685,Potential Loyalists,3,2,1,6
CUST01686,Potential Loyalists,3,2,1,6
CUST01687,Potential Loyalists,2,1,2,5
CUST01688,Loyal Customers,3,3,2,8
CUST01689,Loyal Customers,3,2,2,7
CUST01690,At Risk / Lost Customers,1,1,1,3
CUST01691,Potential Loyalists,2,1,2,5
CUST01692,Need Attention,1,1,2,4
CUST01693,Potential Loyalists,2,2,1,5
CUST01694,VIP / Champions,3,3,3,9
CUST01695,Potential Loyalists,1,2,2,5
CUST01696,Loyal Customers,1,3,3,7
CUST01697,Potential Loyalists,3,1,1,5
CUST01698,Potential Loyalists,1,2,2,5
CUST01699,Need Attention,2,1,1,4
CUST01700,Potential Loyalists,3,1,1,5
CUST01701,At Risk / Lost Customers,1,1,1,3
CUST01702,VIP / Champions,3,3,3,9
CUST01703,Loyal Customers,3,2,2,7
CUST01704,Loyal Customers,2,3,3,8
CUST01705,Potential Loyalists,3,1,2,6
CUST01706,VIP / Champions,3,3,3,9
CUST01707,Need Attention,2,1,1,4
CUST01708,Potential Loyalists,3,1,2,6
CUST01709,Potential Loyalists,1,2,2,5
CUST01710,Loyal Customers,3,2,3,8
CUST01711,Loyal Customers,3,2,2,7
CUST01712,VIP / Champions,3,3,3,9
CUST01713,At Risk / Lost Customers,1,1,1,3
CUST01714,Need Attention,1,2,1,4
CUST01715,Need Attention,2,1,1,4
CUST01716,Need Attention,2,1,1,4
CUST01717,At Risk / Lost Customers,1,1,1,3
CUST01718,VIP / Champions,3,3,3,9
CUST01719,Potential Loyalists,3,1,1,5
CUST01720,At Risk / Lost Customers,1,1,1,3
CUST01721,Need Attention,2,1,1,4
CUST01722,VIP / Champions,3,3,3,9
CUST01723,Potential Loyalists,3,1,1,5
CUST01724,Loyal Customers,3,2,2,7
CUST01725,Need Attention,2,1,1,4
CUST01726,Loyal Customers,2,3,3,8
CUST01727,Need Attention,2,1,1,4
CUST01728,Loyal Customers,2,2,3,7
CUST01729,VIP / Champions,3,3,3,9
CUST01730,Potential Loyalists,1,2,2,5
CUST01731,Loyal Customers,2,2,3,7
CUST01732,Potential Loyalists,3,1,1,5
CUST01733,VIP / Champions,3,3,3,9
CUST01734,Potential Loyalists,3,1,2,6
CUST01735,Potential Loyalists,3,1,1,5
CUST01736,Potential Loyalists,3,2,1,6
CUST01737,At Risk / Lost Customers,1,1,1,3
CUST01738,Loyal Customers,3,3,2,8
CUST01739,Need Attention,2,1,1,4
CUST01740,Loyal Customers,1,3,3,7
CUST01741,Need Attention,2,1,1,4
CUST01742,Potential Loyalists,3,1,1,5
CUST01743,Potential Loyalists,2,2,1,5
CUST01744,At Risk / Lost Customers,1,1,1,3
CUST01745,Loyal Customers,3,3,2,8
CUST01746,At Risk / Lost Customers,1,1,1,3
CUST01747,Loyal Customers,2,3,3,8
CUST01748,Potential Loyalists,1,2,2,5
CUST01749,Potential Loyalists,3,2,1,6
CUST01750,Potential Loyalists,3,2,1,6
CUST01751,VIP / Champions,3,3,3,9
CUST01752,VIP / Champions,3,3,3,9
CUST01753,Need Attention,1,2,1,4
CUST01754,Loyal Customers,3,2,2,7
CUST01755,Potential Loyalists,3,1,1,5
CUST01756,Loyal Customers,2,3,3,8
CUST01757,VIP / Champions,3,3,3,9
CUST01758,Loyal Customers,2,3,3,8
CUST01759,Loyal Customers,3,2,2,7
CUST01760,VIP / Champions,3,3,3,9
CUST01761,Potential Loyalists,3,1,1,5
CUST01762,Need Attention,2,1,1,4
CUST01763,Need Attention,2,1,1,4
CUST01764,Need Attention,2,1,1,4
CUST01765,Potential Loyalists,3,1,1,5
CUST01766,Need Attention,2,1,1,4
CUST01767,Loyal Customers,1,3,3,7
CUST01768,Potential Loyalists,3,1,1,5
CUST01769,VIP / Champions,3,3,3,9
CUST01770,At Risk / Lost Customers,1,1,1,3
CUST01771,At Risk / Lost Customers,1,1,1,3
CUST01772,Need Attention,2,1,1,4
CUST01773,Potential Loyalists,2,2,2,6
CUST01774,Loyal Customers,3,2,2,7
CUST01775,Potential Loyalists,3,1,2,6
CUST01776,Potential Loyalists,2,1,2,5
CUST01777,Loyal Customers,3,2,2,7
CUST01778,Need Attention,2,1,1,4
CUST01779,Potential Loyalists,3,1,2,6
CUST01780,Need Attention,2,1,1,4
CUST01781,Potential Loyalists,2,1,2,5
CUST01782,VIP / Champions,3,3,3,9
CUST01783,Potential Loyalists,3,1,1,5
CUST01784,Loyal Customers,2,3,3,8
CUST01785,Loyal Customers,3,2,3,8
CUST01786,VIP / Champions,3,3,3,9
CUST01787,Need Attention,2,1,1,4
CUST01788,Potential Loyalists,3,1,1,5
CUST01789,VIP / Champions,3,3,3,9
CUST01790,Potential Loyalists,1,2,2,5
CUST01791,Need Attention,1,2,1,4
CUST01792,At Risk / Lost Customers,1,1,1,3
CUST01793,Potential Loyalists,3,1,1,5
CUST01794,Potential Loyalists,3,2,1,6
CUST01795,Potential Loyalists,3,1,1,5
CUST01796,VIP / Champions,3,3,3,9
CUST01797,Loyal Customers,2,3,3,8
CUST01798,At Risk / Lost Customers,1,1,1,3
CUST01799,Loyal Customers,2,2,3,7
CUST01800,Potential Loyalists,1,2,2,5
CUST01801,VIP / Champions,3,3,3,9
CUST01802,Potential Loyalists,3,1,1,5
CUST01803,Need Attention,2,1,1,4
CUST01804,Potential Loyalists,2,1,2,5
CUST01805,At Risk / Lost Customers,1,1,1,3
CUST01806,Need Attention,1,1,2,4
CUST01807,Loyal Customers,3,2,3,8
CUST01808,Potential Loyalists,1,2,2,5
CUST01809,At Risk / Lost Customers,1,1,1,3
CUST01810,Potential Loyalists,3,1,1,5
CUST01811,Loyal Customers,3,2,2,7
CUST01812,At Risk / Lost Customers,1,1,1,3
CUST01813,Loyal Customers,3,3,2,8
CUST01814,Potential Loyalists,3,2,1,6
CUST01815,Potential Loyalists,3,1,1,5
CUST01816,At Risk / Lost Customers,1,1,1,3
CUST01817,Loyal Customers,3,3,2,8
CUST01818,VIP / Champions,3,3,3,9
CUST01819,Potential Loyalists,3,1,1,5
CUST01820,Loyal Customers,3,3,2,8
CUST01821,Potential Loyalists,3,2,1,6
CUST01822,At Risk / Lost Customers,1,1,1,3
CUST01823,Loyal Customers,3,1,3,7
CUST01824,Loyal Customers,1,3,3,7
CUST01825,VIP / Champions,3,3,3,9
CUST01826,Loyal Customers,3,2,2,7
CUST01827,Potential Loyalists,3,1,1,5
CUST01828,At Risk / Lost Customers,1,1,1,3
CUST01829,At Risk / Lost Customers,1,1,1,3
CUST01830,Need Attention,2,1,1,4
CUST01831,Potential Loyalists,3,1,1,5
CUST01832,At Risk / Lost Customers,1,1,1,3
CUST01833,Potential Loyalists,3,1,1,5
CUST01834,Potential Loyalists,3,1,1,5
CUST01835,Potential Loyalists,3,1,1,5
CUST01836,Loyal Customers,3,2,3,8
CUST01837,Potential Loyalists,3,1,1,5
CUST01838,Need Attention,2,1,1,4
CUST01839,Loyal Customers,2,3,2,7
CUST01840,Potential Loyalists,2,2,1,5
CUST01841,Potential Loyalists,2,2,1,5
CUST01842,Potential Loyalists,3,1,1,5
CUST01843,Potential Loyalists,3,1,2,6
CUST01844,Potential Loyalists,3,1,2,6
CUST01845,At Risk / Lost Customers,1,1,1,3
CUST01846,At Risk / Lost Customers,1,1,1,3
CUST01847,Need Attention,2,1,1,4
CUST01848,Potential Loyalists,3,1,1,5
CUST01849,VIP / Champions,3,3,3,9
CUST01850,Loyal Customers,2,3,3,8
CUST01851,Potential Loyalists,3,1,1,5
CUST01852,Loyal Customers,1,3,3,7
CUST01853,Need Attention,1,2,1,4
CUST01854,Loyal Customers,3,2,2,7
CUST01855,VIP / Champions,3,3,3,9
CUST01856,Potential Loyalists,3,1,2,6
CUST01857,Potential Loyalists,1,2,3,6
CUST01858,Potential Loyalists,1,3,2,6
CUST01859,Loyal Customers,1,3,3,7
CUST01860,Potential Loyalists,3,1,1,5
CUST01861,Potential Loyalists,3,2,1,6
CUST01862,VIP / Champions,3,3,3,9
CUST01863,At Risk / Lost Customers,1,1,1,3
CUST01864,VIP / Champions,3,3,3,9
CUST01865,Potential Loyalists,3,1,2,6
CUST01866,Potential Loyalists,2,2,1,5
CUST01867,Potential Loyalists,1,3,1,5
CUST01868,Potential Loyalists,3,1,2,6
CUST01869,Loyal Customers,2,2,3,7
CUST01870,At Risk / Lost Customers,1,1,1,3
CUST01871,Need Attention,2,1,1,4
CUST01872,Potential Loyalists,3,1,1,5
CUST01873,At Risk / Lost Customers,1,1,1,3
CUST01874,Potential Loyalists,1,2,2,5
CUST01875,Loyal Customers,1,3,3,7
CUST01876,At Risk / Lost Customers,1,1,1,3
CUST01877,Potential Loyalists,3,1,1,5
CUST01878,Loyal Customers,3,2,2,7
CUST01879,Loyal Customers,2,3,3,8
CUST01880,Loyal Customers,2,3,3,8
CUST01881,Need Attention,2,1,1,4
CUST01882,Loyal Customers,1,3,3,7
CUST01883,Potential Loyalists,3,2,1,6
CUST01884,VIP / Champions,3,3,3,9
CUST01885,Potential Loyalists,3,1,1,5
CUST01886,Potential Loyalists,3,1,1,5
CUST01887,VIP / Champions,3,3,3,9
CUST01888,Need Attention,2,1,1,4
CUST01889,At Risk / Lost Customers,1,1,1,3
CUST01890,Need Attention,2,1,1,4
CUST01891,Loyal Customers,2,3,2,7
CUST01892,At Risk / Lost Customers,1,1,1,3
CUST01893,Need Attention,1,1,2,4
CUST01894,At Risk / Lost Customers,1,1,1,3
CUST01895,Potential Loyalists,3,1,2,6
CUST01896,Potential Loyalists,2,1,2,5
CUST01897,Potential Loyalists,3,1,2,6
CUST01898,Potential Loyalists,3,1,1,5
CUST01899,Potential Loyalists,2,1,2,5
CUST01900,Need Attention,2,1,1,4
CUST01901,Need Attention,1,2,1,4
CUST01902,Potential Loyalists,3,1,1,5
CUST01903,Potential Loyalists,3,1,1,5
CUST01904,VIP / Champions,3,3,3,9
CUST01905,Potential Loyalists,3,1,1,5
CUST01906,At Risk / Lost Customers,1,1,1,3
CUST01907,VIP / Champions,3,3,3,9
CUST01908,Need Attention,2,1,1,4
CUST01909,Loyal Customers,3,2,2,7
CUST01910,VIP / Champions,3,3,3,9
CUST01911,Potential Loyalists,3,1,1,5
CUST01912,Loyal Customers,3,3,2,8
CUST01913,Need Attention,1,2,1,4
CUST01914,Loyal Customers,2,3,3,8
CUST01915,Potential Loyalists,2,2,2,6
CUST01916,Potential Loyalists,3,1,1,5
CUST01917,Loyal Customers,2,3,3,8
CUST01918,Potential Loyalists,3,1,2,6
CUST01919,Potential Loyalists,2,2,2,6
CUST01920,At Risk / Lost Customers,1,1,1,3
CUST01921,Potential Loyalists,3,1,1,5
CUST01922,Potential Loyalists,1,2,2,5
CUST01923,Need Attention,2,1,1,4
CUST01924,Loyal Customers,1,3,3,7
CUST01925,Potential Loyalists,3,1,1,5
CUST01926,Need Attention,2,1,1,4
CUST01927,Potential Loyalists,2,2,1,5
CUST01928,Need Attention,2,1,1,4
CUST01929,Loyal Customers,3,3,2,8
CUST01930,Loyal Customers,1,3,3,7
CUST01931,Loyal Customers,2,3,2,7
CUST01932,Loyal Customers,3,2,3,8
CUST01933,VIP / Champions,3,3,3,9
CUST01934,Need Attention,2,1,1,4
CUST01935,Potential Loyalists,2,2,2,6
CUST01936,Loyal Customers,3,2,3,8
CUST01937,At Risk / Lost Customers,1,1,1,3
CUST01938,Loyal Customers,3,3,2,8
CUST01939,Loyal Customers,1,3,3,7
CUST01940,Potential Loyalists,3,1,1,5
CUST01941,Potential Loyalists,3,1,1,5
CUST01942,Need Attention,2,1,1,4
CUST01943,Potential Loyalists,1,2,2,5
CUST01944,VIP / Champions,3,3,3,9
CUST01945,Loyal Customers,2,3,3,8
CUST01946,Need Attention,2,1,1,4
CUST01947,VIP / Champions,3,3,3,9
CUST01948,Loyal Customers,2,3,2,7
CUST01949,Loyal Customers,2,3,2,7
CUST01950,Loyal Customers,3,2,2,7
CUST01951,Potential Loyalists,3,2,1,6
CUST01952,Potential Loyalists,3,1,1,5
CUST01953,Loyal Customers,3,3,2,8
CUST01954,VIP / Champions,3,3,3,9
CUST01955,At Risk / Lost Customers,1,1,1,3
CUST01956,Potential Loyalists,3,1,1,5
CUST01957,Potential Loyalists,3,2,1,6
CUST01958,Need Attention,2,1,1,4
CUST01959,At Risk / Lost Customers,1,1,1,3
CUST01960,Need Attention,1,1,2,4
CUST01961,Potential Loyalists,3,1,1,5
CUST01962,At Risk / Lost Customers,1,1,1,3
CUST01963,VIP / Champions,3,3,3,9
CUST01964,Potential Loyalists,3,1,1,5
CUST01965,Loyal Customers,3,3,2,8
CUST01966,Potential Loyalists,3,1,1,5
CUST01967,Loyal Customers,3,2,2,7
CUST01968,Potential Loyalists,3,1,1,5
CUST01969,Potential Loyalists,3,1,1,5
CUST01970,Loyal Customers,1,3,3,7
CUST01971,Loyal Customers,2,3,3,8
CUST01972,VIP / Champions,3,3,3,9
CUST01973,Need Attention,2,1,1,4
CUST01974,Potential Loyalists,2,2,1,5
CUST01975,VIP / Champions,3,3,3,9
CUST01976,At Risk / Lost Customers,1,1,1,3
CUST01977,At Risk / Lost Customers,1,1,1,3
CUST01978,Need Attention,1,2,1,4
CUST01979,Potential Loyalists,3,1,1,5
CUST01980,At Risk / Lost Customers,1,1,1,3
CUST01981,Potential Loyalists,3,1,1,5
CUST01982,At Risk / Lost Customers,1,1,1,3
CUST01983,Potential Loyalists,3,1,1,5
CUST01984,Potential Loyalists,3,1,2,6
CUST01985,Need Attention,1,1,2,4
CUST01986,Loyal Customers,2,3,3,8
CUST01987,Potential Loyalists,3,1,1,5
CUST01988,Potential Loyalists,3,1,1,5
CUST01989,Potential Loyalists,2,2,1,5
CUST01990,VIP / Champions,3,3,3,9
CUST01991,VIP / Champions,3,3,3,9
CUST01992,Potential Loyalists,3,1,2,6
CUST01993,Loyal Customers,3,2,2,7
CUST01994,Loyal Customers,1,3,3,7
CUST01995,Loyal Customers,3,3,2,8
CUST01996,Loyal Customers,2,3,3,8
CUST01997,At Risk / Lost Customers,1,1,1,3
CUST01998,Potential Loyalists,1,3,2,6
CUST01999,Potential Loyalists,3,1,1,5
CUST02000,Potential Loyalists,3,1,1,5
